0,text,polarity,subjectivity,sentiment,neg,neu,pos,compound,text_len,text_word_count
Jammu: Indian Army foils possible drone attacks on 2 military camps https://t.co/ZeUlrcxsRW,jammu: indian army foils possible drone attacks on 2 military camps  ,-0.05,0.55,negative,0.244,0.756,0.0,-0.4404,69,11
"RT @goonj: Reaching ration kits to the missed-out migrant workers of J&amp;K
Continuing our ongoing partnership with the Indian Army in J&amp;K und…"," reaching ration kits to the missed-out migrant workers of j&amp;k
continuing our ongoing partnership with the indian army in j&amp;k und…",0.0,0.0,positive,0.0,0.917,0.083,0.2023,138,21
RT @Mahesh10816: Did you know in 1965 China accused Indian army for stealing 800 sheep and 59 Yaks in the Sikkim border area. China threate…, did you know in 1965 china accused indian army for stealing 800 sheep and 59 yaks in the sikkim border area. china threate…,0.0,0.0,negative,0.219,0.781,0.0,-0.7096,124,23
RT @rajnathsingh: Delighted to meet the brave and valiant soldiers of the Indian Army at Karu in Ladakh today. I salute their courage and f…, delighted to meet the brave and valiant soldiers of the indian army at karu in ladakh today. i salute their courage and f…,0.75,0.85,positive,0.0,0.657,0.343,0.872,123,23
"RT @TheQuint: The Indian Army on 28 June, stated that a major threat had been averted ofter two drones were spotted on 27 June night near t…"," the indian army on 28 june, stated that a major threat had been averted ofter two drones were spotted on 27 june night near t…",0.08125,0.45,negative,0.176,0.824,0.0,-0.5719,127,25
RT @SpokespersonMoD: Raksha Mantri Shri @rajnathsingh interacted with the officers and jawans of Indian Army’s 14 Corps at Karu Military St…, raksha mantri shri   interacted with the officers and jawans of indian army’s 14 corps at karu military st…,-0.1,0.1,neutral,0.0,1.0,0.0,0.0,108,18
"RT @ani_digital: Indian Army is capable of giving befitting reply to every challenge: Rajnath Singh

Read @ANI Story | https://t.co/8VABoaa…"," indian army is capable of giving befitting reply to every challenge: rajnath singh

read   story |  ",0.2,0.4,positive,0.0,0.656,0.344,0.6486,101,16
RT @drapr007: Reason behind Increase terror activities in J&amp;K is extreme Chinese pressure on Pakistan to increase tension along LoC so that…, reason behind increase terror activities in j&amp;k is extreme chinese pressure on pakistan to increase tension along loc so that…,-0.17500000000000002,0.5666666666666667,negative,0.287,0.545,0.167,-0.5106,131,20
"RT @viral_fever_07: #restore_gahmar_trains
 @PiyushGoyal @narendramodi   @RailMinIndia @DrmDnr Sir,from Gahmar, at present, about 10000 sol…"," #restore_gahmar_trains
           sir,from gahmar, at present, about 10000 sol…",0.0,0.0,neutral,0.0,1.0,0.0,0.0,80,8
"10th class student about covid pass mark sheet 
He wants to share is experience about mark sheet coz he want to joi… https://t.co/NgRoyvmVd5","10th class student about covid pass mark sheet 
he wants to share is experience about mark sheet coz he want to joi…  ",0.2,0.1,positive,0.0,0.851,0.149,0.3612,118,22
"RT @randm_indianguy: Mc Kode Aka Aditya Tiwari has used cuss Words on Hinduism as well as Indian Army
He is residing in Delhi right now
Aft…"," mc kode aka aditya tiwari has used cuss words on hinduism as well as indian army
he is residing in delhi right now
aft…",0.2857142857142857,0.5357142857142857,positive,0.0,0.916,0.084,0.2732,120,24
"RT @The_skpandit: !!...BREAKING NEWS...!!

????-??? ???? LAC ?? ?????? ???? ?? ""2 ??? "" ???? ?????..!!

#indian_army??
#??_????_??_????"," !!...breaking news...!!

????-??? ???? lac ?? ?????? ???? ?? ""2 ??? "" ???? ?????..!!

#indian_army??
#??_????_??_????",0.0,0.0,neutral,0.0,1.0,0.0,0.0,118,16
@ANI And here we go to see new vacancy for the post and new opportunity to our beloved Indian army to spend some bu… https://t.co/YEW9qoWjhY,  and here we go to see new vacancy for the post and new opportunity to our beloved indian army to spend some bu…  ,0.3242424242424242,0.6363636363636364,positive,0.0,0.775,0.225,0.7269,115,23
"RT @MajorPoonia: This night of 1987, Captain Bana Singh,Paramveer Dhakra ?lead his assault team and captured Pakistani Army’s Qaid Post in…"," this night of 1987, captain bana singh,paramveer dhakra ?lead his assault team and captured pakistani army’s qaid post in…",0.0,0.0,negative,0.174,0.826,0.0,-0.5859,123,19
"RT @nighat_abbas: Saviour of #Kashmir, Indian Army yet again came to the rescue of people in trouble.

Army responded to an outbreak of fir…"," saviour of #kashmir, indian army yet again came to the rescue of people in trouble.

army responded to an outbreak of fir…",-0.2,0.2,positive,0.104,0.769,0.127,0.1531,123,22
"@dpoignon My Harley didn’t have the back seat &amp; trunk, because I ride alone.
My hands are beginning to give me issu… https://t.co/2BfbiiV5On","  my harley didn’t have the back seat &amp; trunk, because i ride alone.
my hands are beginning to give me issu…  ",0.0,0.0,negative,0.095,0.905,0.0,-0.25,114,21
RT @AdityaRajKaul: India’s defence Minister Rajnath Singh met soldiers of Indian Army in Ladakh earlier today. ?? https://t.co/o2jaUD7VYl, india’s defence minister rajnath singh met soldiers of indian army in ladakh earlier today. ??  ,0.0,0.5,positive,0.0,0.909,0.091,0.1027,97,15
"RT @jindadilkashmir: Indian Army - Always with The Awaam
During this pandemic, #IndianArmy ensuring the well beings of Gujjars &amp; Bakarwals…"," indian army - always with the awaam
during this pandemic, #indianarmy ensuring the well beings of gujjars &amp; bakarwals…",0.0,0.0,positive,0.0,0.792,0.208,0.4939,123,19
"RT @KreatelyOSINT: ??? Indian Army carried out Airborne Exercise to validate its Rapid Response Capability

Exercise entailed Para Drop of…"," ??? indian army carried out airborne exercise to validate its rapid response capability

exercise entailed para drop of…",0.0,0.0,positive,0.102,0.777,0.121,0.1027,121,18
"RT @Rifa_e_Aam: Kashmir conveys a heartfelt gratitude to the Indian Army for protecting and serving them.. Come What May ! 
Jawan aur Awaam…"," kashmir conveys a heartfelt gratitude to the indian army for protecting and serving them.. come what may ! 
jawan aur awaam…",0.0,1.0,positive,0.0,0.706,0.294,0.7959,125,21
"RT @MrsGandhi: Defence Minister @RajnathSingh ji and Indian Army personnel chanting 'Waheguru ji ka Khalsa, Waheguru ji ki Fateh' in chorus…"," defence minister   ji and indian army personnel chanting 'waheguru ji ka khalsa, waheguru ji ki fateh' in chorus…",0.0,0.0,positive,0.0,0.924,0.076,0.1027,114,18
"RT @Rifa_e_Aam: INDIAN ARMY stepped in &amp; real time coordination between Army, Airforce and Civil Administration was carried out to refill t…"," indian army stepped in &amp; real time coordination between army, airforce and civil administration was carried out to refill t…",0.2,0.30000000000000004,neutral,0.0,1.0,0.0,0.0,129,20
RT @Rifa_e_Aam: #Indian #ARMY pasted posters in #delina #Baramulla related to #FightAgainstCOVID19 to create awareness among public so that…, #indian #army pasted posters in #delina #baramulla related to #fightagainstcovid19 to create awareness among public so that…,0.0,0.23333333333333334,positive,0.0,0.884,0.116,0.2732,125,17
RT @ByRakeshSimha: Alexander’s invasion of India is regarded as a huge European victory. But his army may have suffered a fate worse than N…, alexander’s invasion of india is regarded as a huge european victory. but his army may have suffered a fate worse than n…,1.850371707708594e-17,0.5,negative,0.312,0.627,0.061,-0.8316,122,22
"???? ?? ?? ???,
?????? ???????? ??,
???? ??? ?? ???? ???.!!!
???? ??? ???,
?? ????? ?? ?????,
???? ??? ?? ???? ???.… https://t.co/FHBvLzUIz8","???? ?? ?? ???,
?????? ???????? ??,
???? ??? ?? ???? ???.!!!
???? ??? ???,
?? ????? ?? ?????,
???? ??? ?? ???? ???.…  ",0.0,0.0,neutral,0.0,1.0,0.0,0.0,118,24
"RT @elitepredatorss: Defence Minister launched 63 infrastructure projects from Ladakh today. On the other hand, it is now confirmed that th…"," defence minister launched 63 infrastructure projects from ladakh today. on the other hand, it is now confirmed that th…",0.1375,0.6875,positive,0.0,0.724,0.276,0.6249,120,19
"RT @abierkhatib: How to show the world that u r the most immoral child-abuser army in one pic? 

Zaid Bassam was arrested today fm his home…"," how to show the world that u r the most immoral child-abuser army in one pic? 

zaid bassam was arrested today fm his home…",0.5,0.5,negative,0.242,0.758,0.0,-0.7501,124,24
"RT @V0YAGERTWEETS: These army men posted in the ravines of Arunachal Pradesh, took out extra time from their duty to clean, paint and renov…"," these army men posted in the ravines of arunachal pradesh, took out extra time from their duty to clean, paint and renov…",0.18333333333333335,0.4,positive,0.0,0.886,0.114,0.4019,122,22
"RT @MalkiatCol: India is not there on LAC for sight seeing. China always lives in dreams of past superiority. 
Indian army is known for dre…"," india is not there on lac for sight seeing. china always lives in dreams of past superiority. 
indian army is known for dre…",-0.25,0.25,positive,0.0,0.805,0.195,0.6249,125,23
"@swatikhatri_ I am the son of Bharat Mata.?I have not a name,My mother name is Bharat Mata,my brother is All India… https://t.co/ptzlf4v79F"," _ i am the son of bharat mata.?i have not a name,my mother name is bharat mata,my brother is all india…  ",0.0,0.0,neutral,0.0,1.0,0.0,0.0,106,21
Excited to share the latest addition to my #etsy shop: Vintage Indian Army Band with 12 Miniature Clay Soldiers in… https://t.co/nFB6xlO5n1,excited to share the latest addition to my #etsy shop: vintage indian army band with 12 miniature clay soldiers in…  ,0.4375,0.825,positive,0.0,0.796,0.204,0.5574,117,20
@iHShaheen Paki masom awam bechare istra khush ho rhy jese kashmir fatah kiya ho waha lakho indian army hy naqsho se kuch nhi hota,  paki masom awam bechare istra khush ho rhy jese kashmir fatah kiya ho waha lakho indian army hy naqsho se kuch nhi hota,0.0,0.0,neutral,0.0,1.0,0.0,0.0,121,23
RT @desi_thug1: Meet Dr. Deepshikha chettri the proud daughter of bharat now a captain and the second female officer from the sikkim state…, meet dr. deepshikha chettri the proud daughter of bharat now a captain and the second female officer from the sikkim state…,0.26666666666666666,0.3888888888888889,positive,0.0,0.86,0.14,0.4767,124,21
@Anubakshi8 I am Indian  Army fan and you?,  i am indian  army fan and you?,0.0,0.0,positive,0.0,0.685,0.315,0.3182,32,7
"India is not there on LAC for sight seeing. China always lives in dreams of past superiority. 
Indian army is known… https://t.co/SQsD8epn4I","india is not there on lac for sight seeing. china always lives in dreams of past superiority. 
indian army is known…  ",-0.25,0.25,positive,0.0,0.788,0.212,0.6249,118,21
RT @vivekagnihotri: They said it was Indian Army that killed Sikhs to disrepute Islam. When I reminded them about Guru Gobind Singh’s teach…, they said it was indian army that killed sikhs to disrepute islam. when i reminded them about guru gobind singh’s teach…,-0.2,0.0,negative,0.191,0.809,0.0,-0.6705,121,21
"Probable War News.
Indian Army deployed 50 Thousand more soldiers at Indo China Borders as Offensive defend tequnic… https://t.co/1NxkO02gmv","probable war news.
indian army deployed 50 thousand more soldiers at indo china borders as offensive defend tequnic…  ",0.5,0.5,negative,0.301,0.699,0.0,-0.7845,118,18
@Siddiqu40610228 @AsYouNotWish @Agamya66 Army is still same size since many many years so that data matters. Also w… https://t.co/XouFh83h4i,      army is still same size since many many years so that data matters. also w…  ,0.3333333333333333,0.375,positive,0.0,0.911,0.089,0.0935,83,15
"@majorgauravarya Any update sir ? 

Its a complete failure and embarrassing situation for india infront of global v… https://t.co/tZywWatabf","  any update sir ? 

its a complete failure and embarrassing situation for india infront of global v…  ",-0.07222222222222223,0.2333333333333333,negative,0.312,0.688,0.0,-0.7096,103,17
CAPT KENGURUSE NEIKEZHAKUO is still the shining star of the Indian Army. https://t.co/DWZmBzo4LQ,capt kenguruse neikezhakuo is still the shining star of the indian army.  ,0.0,0.0,neutral,0.0,1.0,0.0,0.0,74,12
"@jaspreetgill96 Real or fake I'd Kya hota hai? Guts to bhinderwal me nahi thi ladne ki, temple me chhup ke betha th… https://t.co/rIVbuZH39J","  real or fake i'd kya hota hai? guts to bhinderwal me nahi thi ladne ki, temple me chhup ke betha th…  ",-0.75,1.0,negative,0.134,0.866,0.0,-0.4767,104,21
@Sarah25568253 @sheikhr02178827 @majorgauravarya @ChanakyaForum ? Ambani can rule you . He doesn't rule but give mi… https://t.co/H6kPdPYkFT,        ? ambani can rule you . he doesn't rule but give mi…  ,0.0,0.0,neutral,0.0,1.0,0.0,0.0,62,12
"@dpoignon @muchado33 Nope the Indian motorcycle says home, it’s my thing not hers. 
I normally go on trips with old… https://t.co/poIOLWihoh","    nope the indian motorcycle says home, it’s my thing not hers. 
i normally go on trips with old…  ",0.15,0.6499999999999999,neutral,0.0,1.0,0.0,0.0,101,18
@saywooooooo @mwilayatali @PravinSawhney RAW trained W. Bengalis Hindus as East Pakistani Muslims as Mukti Bahini i… https://t.co/1l2iReDyi8,      raw trained w. bengalis hindus as east pakistani muslims as mukti bahini i…  ,-0.23076923076923078,0.46153846153846156,neutral,0.0,1.0,0.0,0.0,83,13
RT @_second2none__: #GoldenJubilee of the victory of Indian Armed forces against Pakistan Army in 1971 the #SwarnimVijayFlame was taken ove…, #goldenjubilee of the victory of indian armed forces against pakistan army in 1971 the #swarnimvijayflame was taken ove…,0.0,0.0,neutral,0.0,1.0,0.0,0.0,121,18
RT @ejazhaider: if armed struggle against an occupation/oppressive force is 'terrorism' then take another hard look at the map. Poonchis (i…, if armed struggle against an occupation/oppressive force is 'terrorism' then take another hard look at the map. poonchis (i…,-0.2916666666666667,0.5416666666666666,negative,0.179,0.821,0.0,-0.4019,125,19
"RT @elitepredatorss: @attorneyrahulk @Maverickmusafir It's Field Marshal Manekshaw Vakeel Sahab, General is one rank lower than FM rank.  F…","     it's field marshal manekshaw vakeel sahab, general is one rank lower than fm rank.  f…",-0.5166666666666667,0.7666666666666666,negative,0.136,0.864,0.0,-0.296,91,15
"@suryaxavier1 @NakeRsssss Another #Pulwama style and scapegoat Pakistan? 
Modi is the first enemy of Indian army.","    another #pulwama style and scapegoat pakistan? 
modi is the first enemy of indian army.",0.25,0.3333333333333333,negative,0.341,0.659,0.0,-0.7351,91,14
@youwillbeowned1 @Qaos_Qitty @townhallcom I got that Indian Privilege also Cherokee called work hard. Join the Army did 20 years.,   _qitty   i got that indian privilege also cherokee called work hard. join the army did 20 years.,-0.2916666666666667,0.5416666666666666,positive,0.073,0.681,0.246,0.5106,99,17
@WanderlustIDC @hope17861 @Anvika2474 @NinjaJadugar @kakar_harsha Stop twisting facts what I am referring to is Har… https://t.co/qjSlRYOn3E,         _harsha stop twisting facts what i am referring to is har…  ,0.0,0.0,negative,0.196,0.804,0.0,-0.296,69,11
"RT @keashurkot: Indian Army asked for 2 More divisions of force to fight 3 Rebels in #Maloora Srinagar.
 Already 50000:3
Sources."," indian army asked for 2 more divisions of force to fight 3 rebels in #maloora srinagar.
 already 50000:3
sources.",0.5,0.5,negative,0.227,0.773,0.0,-0.5267,114,19
"@BittuTuFanii Ghanta jayenge, aatankwadiyon se sabki fatati hai, Indian Army  ke alawa.","  ghanta jayenge, aatankwadiyon se sabki fatati hai, indian army  ke alawa.",0.0,0.0,neutral,0.0,1.0,0.0,0.0,75,11
"@kaushal1610 @ManishY07014487 @saibharadwaj @parindeeyy @CZAR269 @MeghUpdates HIjda fauj kuch nai karr saki. ""Pleas… https://t.co/pprliDgyjn","            hijda fauj kuch nai karr saki. ""pleas…  ",0.0,0.0,neutral,0.0,1.0,0.0,0.0,52,7
"RT @rose_k01: LeT Commander T?????ist Nadeem Abrar starts wailing ?? after being arrested &amp; given just a little ""treatment"" by Indian secur…"," let commander t?????ist nadeem abrar starts wailing ?? after being arrested &amp; given just a little ""treatment"" by indian secur…",-0.1875,0.5,negative,0.147,0.853,0.0,-0.4767,131,20
@IndiaToday @AbhishekBhalla7 This time #Bharata got lucky with zero loss of life and minimal collateral damage. The… https://t.co/MsVUxg0PWe,    this time #bharata got lucky with zero loss of life and minimal collateral damage. the…  ,0.11666666666666665,0.7166666666666667,negative,0.271,0.591,0.138,-0.4019,93,15
@parindeeyy @Mi_sh_ani @saibharadwaj @kaushal1610 @CZAR269 @MeghUpdates Hahaha India was split in three pieces. Ban… https://t.co/5NgemEJs5E,   _sh_ani         hahaha india was split in three pieces. ban…  ,0.2,0.4,positive,0.0,0.69,0.31,0.5574,65,9
Coward indian army https://t.co/S6H03PMxMH,coward indian army  ,0.0,0.0,negative,0.6,0.4,0.0,-0.4588,20,3
RT @Wissenzoro: Indian Army releases a video on the first anniversary of the Galwan Valley clash in which 20 Indian soldiers were killed wh…, indian army releases a video on the first anniversary of the galwan valley clash in which 20 indian soldiers were killed wh…,0.024999999999999994,0.16666666666666666,negative,0.184,0.816,0.0,-0.6705,125,22
what is this what Indian army want to show to Media @washingtonpost @nytimes @guardian @khaleejtimes https://t.co/FLvKv7Wy8b,what is this what indian army want to show to media          ,0.0,0.0,positive,0.0,0.885,0.115,0.0772,61,11
@FascistTwitttrr @COMMLX I am not aware that Army has issued any such direction abt reporting in such matters...AFA… https://t.co/PYx2JVeKlU,    i am not aware that army has issued any such direction abt reporting in such matters...afa…  ,-0.041666666666666664,0.4166666666666667,neutral,0.0,1.0,0.0,0.0,97,16
The RBC is requesting the Army Corps rescind or suspend their permit and asked that the Biden Administration stand… https://t.co/U4ct1pkZCa,the rbc is requesting the army corps rescind or suspend their permit and asked that the biden administration stand…  ,0.0,0.0,negative,0.113,0.887,0.0,-0.3182,117,19
"RT @HCavArchive: No records show the Royal Dragoons serving in the China Wars, but it may have been taken by a Royal Dragoon who was attach…"," no records show the royal dragoons serving in the china wars, but it may have been taken by a royal dragoon who was attach…",0.0,0.0,negative,0.157,0.843,0.0,-0.4404,124,24
"??? Indian Army carried out Airborne Exercise to validate its Rapid Response Capability

Exercise entailed Para Dro… https://t.co/fu10oi0raf","??? indian army carried out airborne exercise to validate its rapid response capability

exercise entailed para dro…  ",0.0,0.0,positive,0.0,0.865,0.135,0.3612,118,17
@BharadwajSpeaks The numbers in Indian Army reflects bravery of Sikhs n legal slavery /sycophants numbers of Indian… https://t.co/nCzvWU4Vki,  the numbers in indian army reflects bravery of sikhs n legal slavery /sycophants numbers of indian…  ,0.2,0.2,negative,0.223,0.558,0.219,-0.2732,103,16
"RT @MirrorNow: #JammuDroneAttack 

What is required at the preparation level? 

General VP Malik, Former Indian Army Chief shares his exper…"," #jammudroneattack 

what is required at the preparation level? 

general vp malik, former indian army chief shares his exper…",0.02500000000000001,0.25,positive,0.0,0.885,0.115,0.296,126,18
RT @Global_Mil_Info: Indian Army and Air Force installations have been placed on alert in the region after the recent drone attack against…, indian army and air force installations have been placed on alert in the region after the recent drone attack against…,0.0,0.25,negative,0.133,0.773,0.094,-0.2263,119,20
"RT @javediq16010676: @Kamranshahzad30 @DrLaalShahbaz NO  NO  NO
FAKE  NEWS
CORRUPT  PANAMA  JUDGES  NEWS
CORRUPT  ARMY  CHIEF=extension  wa…","     no  no  no
fake  news
corrupt  panama  judges  news
corrupt  army  chief=extension  wa…",-0.25,1.0,negative,0.519,0.481,0.0,-0.8271,92,13
"@Kamranshahzad30 @DrLaalShahbaz NO  NO  NO
FAKE  NEWS
CORRUPT  PANAMA  JUDGES  NEWS
CORRUPT  ARMY  CHIEF=extension… https://t.co/BBW6xYvw7G","    no  no  no
fake  news
corrupt  panama  judges  news
corrupt  army  chief=extension…  ",-0.25,1.0,negative,0.548,0.452,0.0,-0.8271,89,12
"RT @Raja_Faisal_PK: ""Whoever is fighting against Indian army in Kashmir, whether it is PLA, Pakistan Army, Burhan Wani, or Hafiz Saeed, to…"," ""whoever is fighting against indian army in kashmir, whether it is pla, pakistan army, burhan wani, or hafiz saeed, to…",0.0,0.0,negative,0.116,0.884,0.0,-0.3612,120,20
"RT @ramsha_mir: Neelum Valley RN?
Indian Army threw Bombs in Toy to these Kids . Dont you Have kids in your country ?
#INDIAISATERRORIST ht…"," neelum valley rn?
indian army threw bombs in toy to these kids . dont you have kids in your country ?
#indiaisaterrorist ht…",0.0,0.0,neutral,0.0,1.0,0.0,0.0,125,23
"Neelum Valley RN?
Indian Army threw Bombs in Toy to these Kids . Dont you Have kids in your country ?… https://t.co/sMPsdx3JXk","neelum valley rn?
indian army threw bombs in toy to these kids . dont you have kids in your country ?…  ",0.0,0.0,neutral,0.0,1.0,0.0,0.0,104,21
RT @20committee: @Mark3Ds @Idz_do_Tomasza The Indian Army did an amazing job in WW2 of managing its incredible ethno-religious diversity; b…,    _do_tomasza the indian army did an amazing job in ww2 of managing its incredible ethno-religious diversity; b…,0.75,0.9,positive,0.0,0.808,0.192,0.5859,114,17
"RT @majorgauravarya: Indian Army - Join the army. Serve the nation.

Pakistan Army - Join the army. Serve yourself. 
 https://t.co/fQAXoi4y…"," indian army - join the army. serve the nation.

pakistan army - join the army. serve yourself. 
  ",0.0,0.0,positive,0.0,0.747,0.253,0.5267,99,17
"@HameedAPHC Sabar rakho.....tum jabb pagal hoo jaoge, Indian army tum ko v pagal kutta samjh k goli mar dega..... Insha-allha.","  sabar rakho.....tum jabb pagal hoo jaoge, indian army tum ko v pagal kutta samjh k goli mar dega..... insha-allha.",0.0,0.0,neutral,0.0,1.0,0.0,0.0,116,19
It's was pleasant to hear his voice when the Indian Army kicked his a$$... https://t.co/m1UyVPVHes,it's was pleasant to hear his voice when the indian army kicked his a$$...  ,0.7333333333333333,0.9666666666666667,positive,0.0,0.798,0.202,0.5106,76,14
@HameedAPHC Indian army shar hai.....iss liya china ne apni loss ka koi report nehi diya.,  indian army shar hai.....iss liya china ne apni loss ka koi report nehi diya.,0.0,0.0,negative,0.15,0.85,0.0,-0.3182,79,14
"RT @ImranKh06055036: #Indian Army For Awam
#mondaythoughts 
#CoronaVirusUpdates 
#COVID19 
#JammuAndKashmir 
#StayHomeStaySafe 
#brevet2021…"," #indian army for awam
#mondaythoughts 
#coronavirusupdates 
#covid19 
#jammuandkashmir 
#stayhomestaysafe 
#brevet2021…",0.0,0.0,neutral,0.0,1.0,0.0,0.0,120,10
"Isay kehtay hain L0®@¥ lagna,
Reportedly troops of 17 mountain Strike Corps that were suppose to be used against Pa… https://t.co/Z9C3otxNVT","isay kehtay hain l0®@¥ lagna,
reportedly troops of 17 mountain strike corps that were suppose to be used against pa…  ",0.0,0.0,negative,0.073,0.927,0.0,-0.128,118,20
"@MeghUpdates Isay kehtay hain L0®@¥ lagna,
Reportedly troops of 17 mountain Strike Corps that were suppose to be us… https://t.co/oYUM7jyxKO","  isay kehtay hain l0®@¥ lagna,
reportedly troops of 17 mountain strike corps that were suppose to be us…  ",0.0,0.0,negative,0.081,0.919,0.0,-0.128,107,18
@Mark3Ds @Idz_do_Tomasza The Indian Army did an amazing job in WW2 of managing its incredible ethno-religious diver… https://t.co/4nepxxAbVZ,   _do_tomasza the indian army did an amazing job in ww2 of managing its incredible ethno-religious diver…  ,0.75,0.9,positive,0.0,0.798,0.202,0.5859,108,16
"@kabirazad2017 @ANI Election or not, Indian army &amp; paramilitary forces will continue ??!ng £ach &amp; every j!h@d! who… https://t.co/xBIkoaDx0C","    election or not, indian army &amp; paramilitary forces will continue ??!ng £ach &amp; every j!h ! who…  ",0.0,0.0,neutral,0.0,1.0,0.0,0.0,108,17
"A big battle ready in this region, conspiracy of Dron attack in consecutive two days at indian Air defence bases in… https://t.co/NN6r8fZ5hi","a big battle ready in this region, conspiracy of dron attack in consecutive two days at indian air defence bases in…  ",0.1,0.3,negative,0.325,0.536,0.139,-0.7351,118,21
"@Abuinsaan @kamranyousuf_ Only Terrorists in Kashmir are Indian army .
Indian occupation has destroyed our lives","   _ only terrorists in kashmir are indian army .
indian occupation has destroyed our lives",0.0,1.0,negative,0.399,0.601,0.0,-0.8074,91,15
@HameedAPHC Indian army wahi rahega.....bass app logo ka genaration sapna dekhte rah jayega.,  indian army wahi rahega.....bass app logo ka genaration sapna dekhte rah jayega.,0.0,0.0,neutral,0.0,1.0,0.0,0.0,82,12
"RT @RBArchive: June 22, 1949: The last Governor General of India, C. Rajagopalachari with General K.M. Cariappa, the new Commander-in-Chief…"," june 22, 1949: the last governor general of india, c. rajagopalachari with general k.m. cariappa, the new commander-in-chief…",0.0590909090909091,0.3803030303030303,neutral,0.0,1.0,0.0,0.0,126,18
"RT @TheAvenger82: #Ladakh: Government of India has moved 50,000 additional #Indian army troops to its border with China.

This is a direct…"," #ladakh: government of india has moved 50,000 additional #indian army troops to its border with china.

this is a direct…",0.0,0.0,neutral,0.0,1.0,0.0,0.0,122,20
@SOURAVM32718912 Terrorists tu Indian army hy wo jaye fr aman aye ga,  terrorists tu indian army hy wo jaye fr aman aye ga,0.0,0.0,negative,0.291,0.709,0.0,-0.6249,53,11
@20committee @Idz_do_Tomasza The British Indian Army under the Raj (and today's #IndianArmy) might be another examp… https://t.co/sglYROUpL0,   _do_tomasza the british indian army under the raj (and today's #indianarmy) might be another examp…  ,0.0,0.0,neutral,0.0,1.0,0.0,0.0,104,15
@Helloshello5 @XEN0_sama @sikande15328317 @Muhamma00100118 Don't forget the 40 hijray from Indian army ? https://t.co/jP759LH5FW,   _sama     don't forget the 40 hijray from indian army ?  ,0.0,0.0,positive,0.0,0.828,0.172,0.1695,60,10
"RT @FreeKashmer: Over 4.30 lakh kanals of land in Jammu and Kashmir under occupation of Indian terrorist army. 
#GoIndiaGoBack
#gobackmodi…"," over 4.30 lakh kanals of land in jammu and kashmir under occupation of indian terrorist army. 
#goindiagoback
#gobackmodi…",0.0,0.0,negative,0.217,0.783,0.0,-0.6908,123,18
@ABCDEFG33688761 @majorgauravarya @danielocarmon @ChanakyaForum @DrSJaishankar @MEAIndia @SSIFS_MEA @adgpi Indian m… https://t.co/evHh9cxH9c,             _mea   indian m…  ,0.0,0.0,neutral,0.0,1.0,0.0,0.0,31,3
"@Grace1818Grace Please, don't say like this.

These are neither traders nor butchers, they are soldiers of the Indi… https://t.co/Gnl8Hkwlqi","  please, don't say like this.

these are neither traders nor butchers, they are soldiers of the indi…  ",0.0,0.0,positive,0.109,0.773,0.118,0.049,104,17
"Please, don't say like this.

These are neither traders nor butchers, they are soldiers of the Indian Army. On beha… https://t.co/2tHPKxikTc","please, don't say like this.

these are neither traders nor butchers, they are soldiers of the indian army. on beha…  ",0.0,0.0,positive,0.094,0.803,0.103,0.049,118,20
@monteskw Heady dose of army to already manipulated Indian psyche.,  heady dose of army to already manipulated indian psyche.,0.0,0.0,negative,0.245,0.755,0.0,-0.3818,58,9
"@rashtrapatibhvn S Gunavaradhan Indian Army..Dear President of India, salutes You. Please Grant my BattleCasualty W… https://t.co/2xVOvJuIxq","  s gunavaradhan indian army..dear president of india, salutes you. please grant my battlecasualty w…  ",0.0,0.0,positive,0.0,0.696,0.304,0.5859,103,14
"RT @iJasOberoi: A former soldier of the Indian Army, Resham Singh was tortured by UP police on 3rd May after his car was stopped at a barri…"," a former soldier of the indian army, resham singh was tortured by up police on 3rd may after his car was stopped at a barri…",0.0,0.0,negative,0.208,0.792,0.0,-0.6705,125,25
"These photos are of Yoga Day. When the Indian Army which patrols the border of its country riding on a camel, perfo… https://t.co/WxOXJjF3Fh","these photos are of yoga day. when the indian army which patrols the border of its country riding on a camel, perfo…  ",0.0,0.0,neutral,0.0,1.0,0.0,0.0,118,22
"FOR INDIA: 

Time is now to have an active role in Afganistan or else the Taliban &amp; Pakistan will together launch t… https://t.co/uktzPK7qOl","for india: 

time is now to have an active role in afganistan or else the taliban &amp; pakistan will together launch t…  ",-0.13333333333333333,0.6,positive,0.0,0.886,0.114,0.4019,122,22
"RT @kashmirosint: 44-RR, a notorious Indian Army unit illegally raided Naseer Wani’s home during 2019 lockdown/communication blockade, abdu…"," 44-rr, a notorious indian army unit illegally raided naseer wani’s home during 2019 lockdown/communication blockade, abdu…",-0.5,0.5,negative,0.172,0.828,0.0,-0.4404,123,16
RT @ForumStrategic: Interestingly these are same type of Drones which Indian Armed forces use to monitor LOC &amp; Pakistan Army shots them dow…, interestingly these are same type of drones which indian armed forces use to monitor loc &amp; pakistan army shots them dow…,0.25,0.3125,positive,0.0,0.881,0.119,0.4019,125,21
"RT @NitinSh52137484: Indian Army always with Awam
#indianarmy #india #indianairforce #indiannavy #army #indian #jaihind #bsf #instagram #lo…"," indian army always with awam
#indianarmy #india #indianairforce #indiannavy #army #indian #jaihind #bsf #instagram #lo…",0.0,0.0,neutral,0.0,1.0,0.0,0.0,120,15
@RealJamieKay Yes the hottest pepper from St Asaph ( Dragons fire I believe it’s called) has been grown for that pu… https://t.co/I2e07KjVVt,  yes the hottest pepper from st asaph ( dragons fire i believe it’s called) has been grown for that pu…  ,0.0,0.0,positive,0.114,0.758,0.128,0.0772,106,20
"RT @JannateKashmir8: #ACTIVITY : ORG VOLLEYBALL MATCH &amp; INTERACTION WITH YOUTH.
#LOC :  PDG COB.
#Projection of positive image of Indian Ar…"," #activity : org volleyball match &amp; interaction with youth.
#loc :  pdg cob.
#projection of positive image of indian ar…",0.22727272727272727,0.5454545454545454,positive,0.0,0.825,0.175,0.5574,124,20
@majorgauravarya Gaurav: Indian army is giving the best ever in history to Indian soldiers……………………….… https://t.co/2vYaAZLt1z,  gaurav: indian army is giving the best ever in history to indian soldiers……………………….…  ,1.0,0.3,positive,0.0,0.625,0.375,0.765,88,13
@muzamilmattoo11 @lookaround81 See how these Indian soldiers are shivering from Mujahideen. About 50000 Indian here… https://t.co/w2bvVrXMlm,    see how these indian soldiers are shivering from mujahideen. about 50000 indian here…  ,0.0,0.0,neutral,0.0,1.0,0.0,0.0,91,13
@Z0TR0ID @AGENTCHAPPAN @Stylerugsays ??? Aap teeno ko dekhker dar jayenge chinese n pakistani army. Indian Sher aa gaye,      ??? aap teeno ko dekhker dar jayenge chinese n pakistani army. indian sher aa gaye,0.0,0.0,neutral,0.0,1.0,0.0,0.0,88,15
The Carlisle Indian Industrial School was the flagship boarding “school” in the US from 1879-1918. The school's pro… https://t.co/MtMX2ZjFux,the carlisle indian industrial school was the flagship boarding “school” in the us from 1879-1918. the school's pro…  ,0.0,0.0,positive,0.0,0.924,0.076,0.1027,118,18
"@Thakur312Manish Makkar kherati pasta pattarkar ,farzi news chap diya indian army parliament ko capture karne aarah… https://t.co/zXuwtu9XYF","  makkar kherati pasta pattarkar ,farzi news chap diya indian army parliament ko capture karne aarah…  ",0.0,0.0,neutral,0.0,1.0,0.0,0.0,103,15
RT @INCIndia: We pay our tributes to Rash Behari Bose for his key role in our freedom struggle against British Raj. He established the 'Ind…, we pay our tributes to rash behari bose for his key role in our freedom struggle against british raj. he established the 'ind…,0.0,0.5,negative,0.216,0.642,0.142,-0.0516,127,23
"RT @RJ_unnikuttan: ??????? ?????????? ?????????????????? ???????????? ?????????? ????? ????????????? ??. ???????? ??????.

????????? ????…"," ??????? ?????????? ?????????????????? ???????????? ?????????? ????? ????????????? ??. ???????? ??????.

????????? ????…",0.0,0.0,neutral,0.0,1.0,0.0,0.0,120,12
RT @tmmenon: @nrajabpcla @raj2jas @neerangautam @SoniaGurnani19 @keeranl @JaganNKaushik @SortedEagle @KSMANN @GenPanwar @Richa_Anand73 @nra…,                    _anand73  …,0.0,0.0,neutral,0.0,1.0,0.0,0.0,31,2
"The way army was summoning Ed sheeran a few days back after that Indian interview, and here we have him, permission to dance’s songwriter ?","the way army was summoning ed sheeran a few days back after that indian interview, and here we have him, permission to dance’s songwriter ?",-0.1,0.05,neutral,0.0,1.0,0.0,0.0,139,25
RT @RobTheRich0001: 1000s of Indian farmworkers fight back this weekend as they hit the streets of New Delhi. They’ve been camped out now f…, 1000s of indian farmworkers fight back this weekend as they hit the streets of new delhi. they’ve been camped out now f…,0.06818181818181818,0.22727272727272727,negative,0.11,0.89,0.0,-0.3818,121,22
@BrigitteFisette @Grace1818Grace These photos are of Yoga Day. When the Indian Army which patrols the border of its… https://t.co/h5n1BhpH4V,    these photos are of yoga day. when the indian army which patrols the border of its…  ,0.0,0.0,neutral,0.0,1.0,0.0,0.0,89,16
"Our grandfathers cleared punjab of these vermins in 1947, took head on 7 divisions of indian army in 1984 (US had o… https://t.co/FlHULAoAkx","our grandfathers cleared punjab of these vermins in 1947, took head on 7 divisions of indian army in 1984 (us had o…  ",0.0,0.0,positive,0.0,0.935,0.065,0.1027,118,22
@FlashBangZap They look awesome! Didn’t even knew the company still exists. I saw an ancient Indian army of Vendel… https://t.co/3TVk5O6Ub5,  they look awesome! didn’t even knew the company still exists. i saw an ancient indian army of vendel…  ,1.0,1.0,positive,0.0,0.785,0.215,0.6588,105,18
@PhuckTuk @KumarVidhyasag2 @Saarthi34980713 @MeghUpdates I doubt tumare body mai khoon hai ya pani every indian has… https://t.co/gxshMXJOtt,        i doubt tumare body mai khoon hai ya pani every indian has…  ,0.0,0.0,negative,0.2,0.8,0.0,-0.3612,69,12
"RT @JeevMilkhaSingh: Somehow, I don't remember much of Dad's funeral procession, but one sight I will never forget. A military van coming t…"," somehow, i don't remember much of dad's funeral procession, but one sight i will never forget. a military van coming t…",0.05,0.15000000000000002,positive,0.089,0.81,0.101,0.0642,120,21
"RT @amarprasadreddy: Had an excellent discussion with my good friend  Lt. Gen. RK Anand Ji, Ex-Director General, Indian Army at his residen…"," had an excellent discussion with my good friend  lt. gen. rk anand ji, ex-director general, indian army at his residen…",0.5833333333333334,0.7000000000000001,positive,0.0,0.634,0.366,0.8689,120,20
@Aishwar73470497 indian army call now very dengerus max pro ghar tera pakisthan....,  indian army call now very dengerus max pro ghar tera pakisthan....,0.2,0.3,neutral,0.0,1.0,0.0,0.0,68,11
@HumanAmin @TahaSSiddiqui @murtazasolangi It is not to please China.Pakistan wants to develop Balochistan .The Indi… https://t.co/1b4sXVNff6,      it is not to please china.pakistan wants to develop balochistan .the indi…  ,0.2,0.1,negative,0.151,0.849,0.0,-0.2411,82,12
@Grace1818Grace These photos are of Yoga Day. When the Indian Army which patrols the border of its country riding o… https://t.co/NBcv3tsgde,  these photos are of yoga day. when the indian army which patrols the border of its country riding o…  ,0.0,0.0,neutral,0.0,1.0,0.0,0.0,104,19
RT @Mudpalli: @LestWeForgetIN @adgpi @HQ_IDS_India @DefenceMinIndia @rajnathsingh @KSBSectt @salute2soldier @prodefkohima @Spearcorps @Gajr…,      _ids_india              …,0.0,0.0,neutral,0.0,1.0,0.0,0.0,31,2
"Hindu Taliban Nazi Army massacre 10 innocent civilian youth in illegally Indian occupied Kashmir!

IoK turning into… https://t.co/0DVnr5np8m","hindu taliban nazi army massacre 10 innocent civilian youth in illegally indian occupied kashmir!

iok turning into…  ",-0.0625,0.6,positive,0.0,0.856,0.144,0.4003,118,17
RT @samar11: @LestWeForgetIN @Leopard212 @adgpi @HQ_IDS_India @DefenceMinIndia @rajnathsingh @KSBSectt @salute2soldier @prodefkohima @Spear…,        _ids_india            …,0.0,0.0,neutral,0.0,1.0,0.0,0.0,31,2
"RT @Tiny_Dhillon: #Kashmir ???

Indian Army Commissioning the 100 feet high Indian Flag ?? in the picturesque Gulmarg. 

This sacred Tricol…"," #kashmir ???

indian army commissioning the 100 feet high indian flag ?? in the picturesque gulmarg. 

this sacred tricol…",0.16,0.5399999999999999,positive,0.0,0.874,0.126,0.3818,123,19
"RT @nayabharathoon: ""No guts, no glory."" 
.
.
Proud on My Great Indian Army ??
Jai Hind ?? https://t.co/F5DbrsX8vY"," ""no guts, no glory."" 
.
.
proud on my great indian army ??
jai hind ??  ",0.8,0.875,positive,0.204,0.463,0.333,0.5859,73,16
indian army is good,indian army is good,0.7,0.6000000000000001,positive,0.0,0.508,0.492,0.4404,19,4
RT @shubhranshu_rai: Indian army? #parasf #nsg https://t.co/IgEn9mjHb5, indian army? #parasf #nsg  ,0.0,0.0,neutral,0.0,1.0,0.0,0.0,28,4
https://t.co/tX8PMmA5xu, ,0.0,0.0,neutral,0.0,0.0,0.0,0.0,1,0
"RT @MajorPoonia: That’s The Indian Army ???
Anti-terror Operation Commander appealing one last time to terrorists to surrender and return t…"," that’s the indian army ???
anti-terror operation commander appealing one last time to terrorists to surrender and return t…",0.25,0.2833333333333333,negative,0.186,0.814,0.0,-0.6249,124,19
RT @megirish2001: @Thapar77Thapar Leading from the front... in the finest traditions of the Indian army ... following the Chetwode motto...,   leading from the front... in the finest traditions of the indian army ... following the chetwode motto...,0.0,0.1,neutral,0.0,1.0,0.0,0.0,108,17
Our god Indian Army ??? https://t.co/QIrgmdAYbC,our god indian army ???  ,0.0,0.0,positive,0.0,0.656,0.344,0.2732,25,5
RT @TheZaiduLeaks: Yoga was never a Indian invention infact it was first performed &amp; invented by our very own Pak Army General AAK Niazi in…, yoga was never a indian invention infact it was first performed &amp; invented by our very own pak army general aak niazi in…,0.36000000000000004,0.611111111111111,neutral,0.0,1.0,0.0,0.0,126,23
@ShayanK81501760 @HesyRock @SpydEr19999 @shaziyaaM @FakharZamanLive Chinese army ki to khud phati hui hai....tabhi… https://t.co/yRv6N0UAxP,          chinese army ki to khud phati hui hai....tabhi…  ,0.0,0.0,neutral,0.0,1.0,0.0,0.0,59,8
@MEAIndia @DrSJaishankar @PMOIndia @narendramodi If u can't defend our national flag then stop asking my vote on be… https://t.co/Lf7IqDIWyY,        if u can't defend our national flag then stop asking my vote on be…  ,0.0,0.0,negative,0.155,0.845,0.0,-0.296,77,14
"RT @shahrk13: ?SRK congratulate Indian army for surgical strike on pakistan.

https://t.co/LR6JoqxJRZ

?Few years back around 200-400 menta…"," ?srk congratulate indian army for surgical strike on pakistan.

 

?few years back around 200-400 menta…",0.0,0.0,positive,0.085,0.734,0.181,0.4019,105,15
"@_Lisa_Supremacy @nypost Yes I also wish the same.

I hope one day Indian army sa*ks london, me**a as a payback

Re… https://t.co/Ucd4ak5oQO","@_lisa_supremacy   yes i also wish the same.

i hope one day indian army sa*ks london, me**a as a payback

re…  ",0.0,0.125,positive,0.0,0.628,0.372,0.8074,112,20
@globaltimesnews Chinese soldiers are neither eligible nor useful to confront the Indian army but for the sake of g… https://t.co/O483H7E2wt,  chinese soldiers are neither eligible nor useful to confront the indian army but for the sake of g…  ,0.15,0.0,positive,0.0,0.852,0.148,0.1972,103,18
@DRDO_India A great salute to indian Army and DRDO., _india a great salute to indian army and drdo.,0.8,0.75,positive,0.0,0.631,0.369,0.6249,47,9
The cheap minded central government doesn't mind that National Defence Academy (NDA) and Naval Academy Examination… https://t.co/qtGHz8BqmM,the cheap minded central government doesn't mind that national defence academy (nda) and naval academy examination…  ,0.2,0.475,positive,0.0,0.915,0.085,0.1027,117,16
"RT @skt_Bharatwasi: Bjp meeda hatred tho Hindu religion ni , Indian culture ni, Nationalistic views ni , Army ni troll chestaru opposition…"," bjp meeda hatred tho hindu religion ni , indian culture ni, nationalistic views ni , army ni troll chestaru opposition…",0.0,0.0,negative,0.198,0.802,0.0,-0.6369,120,20
RT @TV9Bharatvarsh: ????? ?? ???????? ?????? ?? ??? #DroneAttack ?? ??? #CSDBipinRawat ?? ??? ?? ?? ???? ?? ?? ?????? ??? ????? ?? ??? ???…, ????? ?? ???????? ?????? ?? ??? #droneattack ?? ??? #csdbipinrawat ?? ??? ?? ?? ???? ?? ?? ?????? ??? ????? ?? ??? ???…,0.0,0.0,neutral,0.0,1.0,0.0,0.0,120,23
"RT @RiaRevealed: Indian army is recruiting..

https://t.co/viEdyZbayi"," indian army is recruiting..

 ",0.0,0.0,neutral,0.0,1.0,0.0,0.0,31,4
"Bjp meeda hatred tho Hindu religion ni , Indian culture ni, Nationalistic views ni , Army ni troll chestaru opposit… https://t.co/DZ9PHLo1J2","bjp meeda hatred tho hindu religion ni , indian culture ni, nationalistic views ni , army ni troll chestaru opposit…  ",0.0,0.0,negative,0.198,0.802,0.0,-0.6369,118,20
"Indian Army still is in the 20th century. They are not ready for battle yet.
#India 
#Pakistan https://t.co/dYKIizuUFC","indian army still is in the 20th century. they are not ready for battle yet.
#india 
#pakistan  ",-0.05,0.25,positive,0.109,0.777,0.113,0.0191,96,17
"Captain Vijyant Thapar 
(1976– June 29, 1999) was an officer of the Indian Army and belonged to the  Rajputana Rifl… https://t.co/xdRYAx6d6r","captain vijyant thapar 
(1976– june 29, 1999) was an officer of the indian army and belonged to the  rajputana rifl…  ",0.0,0.0,neutral,0.0,1.0,0.0,0.0,118,20
@mkvenu1 She secured an all India rank of 6 among ladies in the army medical exams She has truly made our nation pr… https://t.co/05kcbwXYgv,  she secured an all india rank of 6 among ladies in the army medical exams she has truly made our nation pr…  ,-0.4,0.45,positive,0.0,0.772,0.228,0.6808,111,22
"RT @manvendra__108: Mc Kode Aka Aditya Tiwari has used cuss Words on Hinduism as well as Indian Army
He is residing in Delhi right now
Afte…"," mc kode aka aditya tiwari has used cuss words on hinduism as well as indian army
he is residing in delhi right now
afte…",0.2857142857142857,0.5357142857142857,positive,0.0,0.916,0.084,0.2732,121,24
@nrajabpcla @raj2jas @neerangautam @SoniaGurnani19 @keeranl @JaganNKaushik @SortedEagle @KSMANN @GenPanwar… https://t.co/os6ClU55ve,                 …  ,0.0,0.0,neutral,0.0,0.0,0.0,0.0,20,1
"RT @iAsura_: Prime hurdles for an #AsianBlock :

• Indian media (entirely controlled by West)
• Pakistan Army (again entirely owned by West…"," prime hurdles for an #asianblock :

• indian media (entirely controlled by west)
• pakistan army (again entirely owned by west…",0.0,0.625,neutral,0.0,1.0,0.0,0.0,128,21
"RT @virendrajourno: @globaltimesnews Make no mistake, Chinese troops are no match to battle hardened and professional Indian Army. You have…","   make no mistake, chinese troops are no match to battle hardened and professional indian army. you have…",0.05,0.05,negative,0.42,0.58,0.0,-0.8126,106,17
@DrHarisUK @rainarajesh @TheKashmirPress @adgpi No one can beat the #Indian army in such heinous crimes. They could… https://t.co/jID8xUQZOM,        no one can beat the #indian army in such heinous crimes. they could…  ,0.0,0.5,negative,0.155,0.845,0.0,-0.296,78,13
"@nishantchat 
Nishant Ji, Pakistan ne drone se koi terrorist ke liye hathiar nahi giraye or na hi kisi civilian thi… https://t.co/hpZGwpNJaw","  
nishant ji, pakistan ne drone se koi terrorist ke liye hathiar nahi giraye or na hi kisi civilian thi…  ",0.0,0.0,negative,0.207,0.793,0.0,-0.6908,107,19
"@mkvenu1 Congrats 2 proud daughter of India defending Nation
Knee deep snow, assault rifle in hand, stethoscope aro… https://t.co/ZzH3WCMe4v","  congrats 2 proud daughter of india defending nation
knee deep snow, assault rifle in hand, stethoscope aro…  ",0.4,0.7,positive,0.149,0.471,0.38,0.7096,111,17
@MeghUpdates Coward Chinese are only trying to increase heavy expenditure of Modi government to prevent India from… https://t.co/m5nQyvgva1,  coward chinese are only trying to increase heavy expenditure of modi government to prevent india from…  ,-0.06666666666666667,0.5,positive,0.155,0.67,0.175,-0.1531,106,16
RT @tinybleudancer: Replug: Dad published a book that talks of his experiences of handling crisis from his time in the Indian Army and late…, replug: dad published a book that talks of his experiences of handling crisis from his time in the indian army and late…,0.0,0.0,negative,0.17,0.83,0.0,-0.6249,121,22
India says two drones intercepted over Kashmir army base - Al Jazeera English https://t.co/fpcY6GVHkw #indianews… https://t.co/doNYd3RuR6,india says two drones intercepted over kashmir army base - al jazeera english   #indianews…  ,-0.4,0.5,neutral,0.0,1.0,0.0,0.0,93,14
@IndiaToday @IndiaTodayFLASH How the fuck were these allowed to infiltrate Indian air space ? Army and Air Force as… https://t.co/GItwjBhORP,    how the fuck were these allowed to infiltrate indian air space ? army and air force as…  ,-0.4,0.6,negative,0.189,0.811,0.0,-0.5423,93,17
"RT @Shomes_quest: #LegendsinUniform
Today marks the 22nd death anniversary of #CaptainNeikezhakuoKenguruse.
He  was born on 15 July 1974 an…"," #legendsinuniform
today marks the 22nd death anniversary of #captainneikezhakuokenguruse.
he  was born on 15 july 1974 an…",0.0,0.0,negative,0.196,0.804,0.0,-0.5994,123,17
@frotuin @HesyRock @SpydEr19999 @shaziyaaM @FakharZamanLive Nhi Kia Indian Army itni beghairat hai ke apni flag ke… https://t.co/tRotQxHXi2,          nhi kia indian army itni beghairat hai ke apni flag ke…  ,0.0,0.0,negative,0.296,0.704,0.0,-0.6369,67,11
"@adgpi India's famed Counter Insurgency &amp; Jungle Warfare School, Vairengte, Mizoram, imparts specialised training t… https://t.co/6m3OxUw7b8","  india's famed counter insurgency &amp; jungle warfare school, vairengte, mizoram, imparts specialised training t…  ",0.0,0.0,negative,0.145,0.855,0.0,-0.296,117,14
"RT @TheKishtwar: The Indian Army fan, @AnupamPKher speaking about @adgpi.

@scribesoldier @Dilsekishtwar @imthewaseem @asthana_shashi @kaka…"," the indian army fan,   speaking about  .

       _shashi  …",0.0,0.0,positive,0.0,0.723,0.277,0.3182,60,9
RT @jtnladakh: Bharat Mata Ki Jai... Indian Army Zindabad... https://t.co/pMj19p7u9r, bharat mata ki jai... indian army zindabad...  ,0.0,0.0,neutral,0.0,1.0,0.0,0.0,48,7
@ShayanK81501760 @HesyRock @SpydEr19999 @shaziyaaM @FakharZamanLive Abe yaar wo indian army hai first picture mein… https://t.co/VZ8LFxtk8y,          abe yaar wo indian army hai first picture mein…  ,0.25,0.3333333333333333,neutral,0.0,1.0,0.0,0.0,59,9
@HesyRock @ShayanK81501760 @SpydEr19999 @shaziyaaM @FakharZamanLive Abe yaar wo indian army hai first picture mein… https://t.co/Z7iEibIRoW,          abe yaar wo indian army hai first picture mein…  ,0.25,0.3333333333333333,neutral,0.0,1.0,0.0,0.0,59,9
@frotuin @ShayanK81501760 @SpydEr19999 @shaziyaaM @FakharZamanLive Lol Son our Army were Fighting with our 1/10th S… https://t.co/BZJSAXBhNU,          lol son our army were fighting with our 1/10th s…  ,0.8,0.7,positive,0.188,0.602,0.211,0.0772,61,10
"@DustinErinHeck1 @CBSNews I mean, can you imagine the native americans joining  the US army way back when, in prote… https://t.co/C1zAj6UQ2m","    i mean, can you imagine the native americans joining  the us army way back when, in prote…  ",-0.15625,0.34375,neutral,0.0,1.0,0.0,0.0,96,17
"RT @hannan021: Suffering from Terrorism by People of Pakistan 

Mar-Dec 1947: 150 bomb explosions in cities of Pak Punjab

1947-48: 2 milli…"," suffering from terrorism by people of pakistan 

mar-dec 1947: 150 bomb explosions in cities of pak punjab

1947-48: 2 milli…",0.0,0.0,negative,0.405,0.595,0.0,-0.8979,126,20
"RT @SimpnilSoCool: #ShahRukhKhan wanted to join the Indian Army when he was a kid, started his career with the TV series Fauji &amp; it's the f…"," #shahrukhkhan wanted to join the indian army when he was a kid, started his career with the tv series fauji &amp; it's the f…",0.0,0.0,positive,0.0,0.909,0.091,0.296,126,24
@hourableteam1 @WIONews @rajnathsingh @JodieCohen613 Ask you PLA to fight Indian Army n let's see how Chinese get t… https://t.co/kKMXL3eKBW,        ask you pla to fight indian army n let's see how chinese get t…  ,0.0,0.0,negative,0.178,0.822,0.0,-0.3818,73,14
Indian army lover https://t.co/gPY3K5Vj7n,indian army lover  ,0.0,0.0,positive,0.0,0.345,0.655,0.5859,19,3
"@globaltimesnews Make no mistake, Chinese troops are no match to battle hardened and professional Indian Army. You… https://t.co/57iCxDvsKN","  make no mistake, chinese troops are no match to battle hardened and professional indian army. you…  ",0.05,0.05,negative,0.439,0.561,0.0,-0.8126,102,16
RT @ExposeAntiIndia: Indian jawans save old #Kashmiri Man from #Encounter site in #Srinagar. #Indian forces care for awam unlike #Pakistan…, indian jawans save old #kashmiri man from #encounter site in #srinagar. #indian forces care for awam unlike #pakistan…,0.1,0.2,positive,0.0,0.714,0.286,0.7506,119,18
DRONES HAVE BECOME THE TERROR FOR INDIAN ARMY.,drones have become the terror for indian army.,0.0,0.0,negative,0.327,0.673,0.0,-0.5267,46,8
RT @ashokgehlot51: My tributes to Padma Vibhushan Field Marshal Sam Manekshaw on his death anniversary. His role as Chief of the Army Staff…, my tributes to padma vibhushan field marshal sam manekshaw on his death anniversary. his role as chief of the army staff…,0.0,0.0,negative,0.163,0.837,0.0,-0.5994,122,21
RT @Nayakash1: Policemen and our Indian Army rescue civilians near the encounter site at Maloora outskirts of Srinagar we are Proud of our…, policemen and our indian army rescue civilians near the encounter site at maloora outskirts of srinagar we are proud of our…,0.45,0.7,positive,0.0,0.748,0.252,0.7506,125,21
"RT @KMPaul4: @globaltimesnews CHINA should make habit of talking less rubbish &amp; act more at LAC , 

WITHOUT fear of  INDIAN ARMY.

Also Enh…","   china should make habit of talking less rubbish &amp; act more at lac , 

without fear of  indian army.

also enh…",0.16666666666666669,0.2833333333333333,positive,0.0,0.878,0.122,0.3875,117,21
@Mrself_reliant @basiitzargar Yeah bro just like indian army, _reliant   yeah bro just like indian army,0.0,0.0,positive,0.0,0.515,0.485,0.5719,42,7
RT @SethupatiG: @jags56 @alokkum76384911 @amarprasadreddy But friend it is leader's responsibility to choose proper persons in his army . W…,       but friend it is leader's responsibility to choose proper persons in his army . w…,0.0,0.1,positive,0.0,0.751,0.249,0.6486,89,15
@jags56 @alokkum76384911 @amarprasadreddy But friend it is leader's responsibility to choose proper persons in his… https://t.co/e09bgUeyjx,      but friend it is leader's responsibility to choose proper persons in his…  ,0.0,0.1,positive,0.0,0.719,0.281,0.6486,81,12
@jairamthakurbjp @PrakashJavdekar @rsprasad @nsitharaman @KirronKherBJP @IDSAIndia @onthinktanks @ICWA_NewDelhi… https://t.co/Kp9NPx90h4,               _newdelhi…  ,0.0,0.0,neutral,0.0,1.0,0.0,0.0,27,1
"RT @JSPVeeraMahila: Congratulations to the daughter of India Dr. Deepsikha Chettri, who is now a captain in the Indian Army and is the seco…"," congratulations to the daughter of india dr. deepsikha chettri, who is now a captain in the indian army and is the seco…",0.0,0.0,positive,0.0,0.837,0.163,0.5994,121,22
"@globaltimesnews CHINA should make habit of talking less rubbish &amp; act more at LAC , 

WITHOUT fear of  INDIAN ARMY… https://t.co/mvB2Q7T0h6","  china should make habit of talking less rubbish &amp; act more at lac , 

without fear of  indian army…  ",0.16666666666666669,0.2833333333333333,positive,0.0,0.866,0.134,0.3875,107,19
RT @Mukesh_dadri: If you Respect  indian Army like here https://t.co/FLoURYCziS, if you respect  indian army like here  ,0.0,0.0,positive,0.0,0.472,0.528,0.6808,40,7
"@kamranyousuf_ It is Militants+Indian Agencies+ Army +Pakistan 
Result bloodbath in Kashmir..."," _ it is militants+indian agencies+ army +pakistan 
result bloodbath in kashmir...",0.0,0.0,neutral,0.0,1.0,0.0,0.0,82,11
@_manisha_88 @narendramodi @OfficeofSSC @PMOIndia @AmitShah @rajnathsingh pta nhi kitne candidate overage ho jayeng… https://t.co/Bo0fuxumkc,@_manisha_88           pta nhi kitne candidate overage ho jayeng…  ,0.0,0.0,neutral,0.0,1.0,0.0,0.0,67,8
"Gonda News: ???? ??? ????? ?? ???? ?? ?????? ??? ??????, DM ?? ????? ?????? #Gonda #indianarmy https://t.co/mRCmq7zYcT","gonda news: ???? ??? ????? ?? ???? ?? ?????? ??? ??????, dm ?? ????? ?????? #gonda #indianarmy  ",0.0,0.0,neutral,0.0,1.0,0.0,0.0,96,17
RT @BangtanINDIA: Remember NOW we contribute to both Indian IMI charts and international BB global charts. Streaming on All international p…, remember now we contribute to both indian imi charts and international bb global charts. streaming on all international p…,0.0,0.0,neutral,0.0,1.0,0.0,0.0,123,19
"@Ayushkkkk1 @amercianpatrio2 @syedmohdmurtaza Brother, do you believe, a weaponised drone could cross the internati… https://t.co/e1NoRWe1eN","      brother, do you believe, a weaponised drone could cross the internati…  ",0.0,0.0,neutral,0.0,1.0,0.0,0.0,78,11
India’s defence Minister @rajnathsingh ji met soldiers of Indian Army in Ladakh earlier today. ?? https://t.co/GxT2F1PyPb,india’s defence minister   ji met soldiers of indian army in ladakh earlier today. ??  ,0.0,0.5,positive,0.0,0.903,0.097,0.1027,87,14
wow indian army is a coward who cant defeat defeat a small number of fighters lol https://t.co/lS8OrXgTtz,wow indian army is a coward who cant defeat defeat a small number of fighters lol  ,0.21666666666666667,0.6999999999999998,positive,0.175,0.291,0.534,0.8253,83,16
"#1 #Butter5thNo1OnHot100 
#6 #hobi 
#7 #joon 
#8 #BTSPavedTheWay 
#10 #Congratulationkings 
#11 #BTSWorldDomination… https://t.co/YgPpUWzHNM","#1 #butter5thno1onhot100 
#6 #hobi 
#7 #joon 
#8 #btspavedtheway 
#10 #congratulationkings 
#11 #btsworlddomination…  ",0.0,0.0,neutral,0.0,1.0,0.0,0.0,118,12
RT @Ashok_19: @mrbcyber @detroitnews What the Chinese forgot in June and are making the same mistake again. The Indian Army has the best hi…,     what the chinese forgot in june and are making the same mistake again. the indian army has the best hi…,0.3333333333333333,0.14166666666666666,positive,0.098,0.732,0.171,0.4215,108,20
"RT @hallyutalk1: #DearOppa: An Indian #ARMY strives to attain perfection by getting inspired from #BTS’ #Jungkook

https://t.co/PQzrVenbpc…"," #dearoppa: an indian #army strives to attain perfection by getting inspired from #bts’ #jungkook

 ",0.0,0.0,positive,0.0,0.635,0.365,0.7845,100,14
@nitin1sharma @globaltimesnews I am all for the Indian Army to teach China a lesson and show the bravery of the Indian Army.,    i am all for the indian army to teach china a lesson and show the bravery of the indian army.,0.0,0.0,positive,0.0,0.842,0.158,0.4939,97,20
@globaltimesnews These crying babies are no match for the Indian army. https://t.co/2XV4wt8zKs,  these crying babies are no match for the indian army.  ,-0.2,0.6,negative,0.398,0.602,0.0,-0.6486,57,10
"@globaltimesnews 'Corona Global times ' plz be wait. ur pla
seeing our Indian Army Power ???????","  'corona global times ' plz be wait. ur pla
seeing our indian army power ???????",0.0,0.0,positive,0.0,0.909,0.091,0.0772,81,15
"@banasinghpvc No sir, we will still respect because we love Indian military. One time win or loose cannot defy year… https://t.co/qzBwvdoWYX","  no sir, we will still respect because we love indian military. one time win or loose cannot defy year…  ",0.2807692307692308,0.3423076923076923,positive,0.152,0.473,0.375,0.8225,106,19
RT @beingmessenger: Indian jawans save old #Kashmiri Man from #Encounter site in #Srinagar. #Indian forces care for awam unlike #Pakistan s…, indian jawans save old #kashmiri man from #encounter site in #srinagar. #indian forces care for awam unlike #pakistan s…,0.1,0.2,positive,0.0,0.726,0.274,0.7506,121,19
"@certikorg @ShytoshiKusama @certik_io @Shibtoken Hi shytoshikumama
I am Indian ??
My first investment in cryptocurr… https://t.co/xsUvk4gfkp","     _io   hi shytoshikumama
i am indian ??
my first investment in cryptocurr…  ",0.25,0.3333333333333333,neutral,0.0,1.0,0.0,0.0,80,12
Indian jawans save old #Kashmiri Man from #Encounter site in #Srinagar. #Indian forces care for awam unlike… https://t.co/BKMKuAGOR7,indian jawans save old #kashmiri man from #encounter site in #srinagar. #indian forces care for awam unlike…  ,0.1,0.2,positive,0.0,0.701,0.299,0.7506,110,17
"@globaltimesnews It is not Indian army, Indian people are enough to punish the bad rats! Chinese virus.","  it is not indian army, indian people are enough to punish the bad rats! chinese virus.",-0.2916666666666666,0.38888888888888884,negative,0.339,0.661,0.0,-0.8016,88,16
Have the Tartan Army taken the indian variant back up north? #COVIDIOTS,have the tartan army taken the indian variant back up north? #covidiots,0.0,0.0,neutral,0.0,1.0,0.0,0.0,71,12
@BTS_twt Oohhh yeahhh indian bts army ??, _twt oohhh yeahhh indian bts army ??,0.0,0.0,neutral,0.0,1.0,0.0,0.0,37,7
"@hourableteam1 @WIONews @rajnathsingh @JodieCohen613 Come let's test that, let's see what India is capable of. Chin… https://t.co/LNVVnirikn","        come let's test that, let's see what india is capable of. chin…  ",0.2,0.4,positive,0.0,0.809,0.191,0.3818,73,12
"RT @TheTeamModi: Muslims never votes for BJP and they never will
Modiji gave laptops in their hand, now they are learning ""how to create IE…"," muslims never votes for bjp and they never will
modiji gave laptops in their hand, now they are learning ""how to create ie…",0.0,0.0,positive,0.0,0.798,0.202,0.6486,124,23
"Muslims never votes for BJP and they never will
Modiji gave laptops in their hand, now they are learning ""how to cr… https://t.co/FWCTxWFZPu","muslims never votes for bjp and they never will
modiji gave laptops in their hand, now they are learning ""how to cr…  ",0.0,0.0,positive,0.0,0.868,0.132,0.4939,118,22
@Angel_X_Army @all4skj U an indian?, _x_army   u an indian?,0.0,0.0,neutral,0.0,1.0,0.0,0.0,23,4
@AdityaRajKaul Indian Army to LeT terrorist: ???? ???????? ????? ?? ???,  indian army to let terrorist: ???? ???????? ????? ?? ???,0.0,0.0,negative,0.343,0.657,0.0,-0.6908,58,10
"@certikorg @ShytoshiKusama @certik_io @Shibtoken Hi shytoshikumama
I am Indian ??
My first investment in cryptocurr… https://t.co/T1QG4ENZou","     _io   hi shytoshikumama
i am indian ??
my first investment in cryptocurr…  ",0.25,0.3333333333333333,neutral,0.0,1.0,0.0,0.0,80,12
Indian jawans save old #Kashmiri Man from #Encounter site in #Srinagar. #Indian forces care for awam unlike… https://t.co/lksVLl0qdz,indian jawans save old #kashmiri man from #encounter site in #srinagar. #indian forces care for awam unlike…  ,0.1,0.2,positive,0.0,0.701,0.299,0.7506,110,17
"@IndiaToday @IndiaTodayFLASH @rahulkanwal 200,000 Indian Army moved to LAC in response of Chinese troop movement is… https://t.co/MVIpa77zGj","      200,000 indian army moved to lac in response of chinese troop movement is…  ",0.0,0.0,neutral,0.0,1.0,0.0,0.0,82,13
"@sunandavashisht I read a tweet where it was said that on Clubhouse it is said by Sikhs, may be NRIs, that it was done by Indian Army.","  i read a tweet where it was said that on clubhouse it is said by sikhs, may be nris, that it was done by indian army.",0.0,0.0,neutral,0.0,1.0,0.0,0.0,119,26
Chor yar ab Indian army sy larna  chor in ki halat dekh kr taras a Raha hy https://t.co/pavixMhL8J,chor yar ab indian army sy larna  chor in ki halat dekh kr taras a raha hy  ,0.0,0.0,neutral,0.0,1.0,0.0,0.0,76,17
@schaheid Naye abba ki pitaai dekh k bacche ko dard to hoga hi .I understand. It's incredible how pakistan changes… https://t.co/mpZ8NuHntM,  naye abba ki pitaai dekh k bacche ko dard to hoga hi .i understand. it's incredible how pakistan changes…  ,0.9,0.9,neutral,0.0,1.0,0.0,0.0,109,19
"RT @VarunKrRana: First one is Dr. Deepsikha Chettri, a Captain in the Indian Army 

Second one is Swara Bhaskar, a C Grade actress"," first one is dr. deepsikha chettri, a captain in the indian army 

second one is swara bhaskar, a c grade actress",0.125,0.16666666666666666,neutral,0.0,1.0,0.0,0.0,114,21
"RT @ashif3: Watch ""Jammu News |Kaluchak Military Station ??? ???? ?? 2 drone |Drones at Indian Army Camp |Jammu Latest"" on YouTube https://…"," watch ""jammu news |kaluchak military station ??? ???? ?? 2 drone |drones at indian army camp |jammu latest"" on youtube  ",0.2,0.5,neutral,0.0,1.0,0.0,0.0,121,20
A 'gift' from #Indian Army for the children of AJ&amp;K. One died &amp; three others severly injured by a blast a toy bomb.… https://t.co/pkkmH89j8a,a 'gift' from #indian army for the children of aj&amp;k. one died &amp; three others severly injured by a blast a toy bomb.…  ,0.0,0.0,negative,0.259,0.741,0.0,-0.743,126,23
@MeghUpdates Anyways... Indian govt as well as Indian army is the best. Trust them. They will snatch back what's ou… https://t.co/TeOHrNMOw1,  anyways... indian govt as well as indian army is the best. trust them. they will snatch back what's ou…  ,0.5,0.15,positive,0.0,0.625,0.375,0.8625,107,19
"Two drones hovered over a military base in jammu and indian army weren't able to shot it....
They flown away un har… https://t.co/IGNVl44VaX","two drones hovered over a military base in jammu and indian army weren't able to shot it....
they flown away un har…  ",-0.13333333333333333,0.5750000000000001,neutral,0.0,1.0,0.0,0.0,118,22
@MeghUpdates good full action  m Indian army?,  good full action  m indian army?,0.3833333333333333,0.41666666666666674,positive,0.0,0.58,0.42,0.4404,34,6
RT @RohitChan666: Nonsense. She is not Gurkha. Those are Nepali soldiers who serve in indian army. She is not Nepali. https://t.co/41dgDpir…, nonsense. she is not gurkha. those are nepali soldiers who serve in indian army. she is not nepali.  ,0.0,0.0,negative,0.137,0.863,0.0,-0.4019,102,18
RT @go4avinash: Did Indian Medical Association (IMA) said anything or objected to Prashant Bhushan's Vaccine Hesitancy propaganda ? @IMAInd…, did indian medical association (ima) said anything or objected to prashant bhushan's vaccine hesitancy propaganda ?  …,-0.05,0.05,negative,0.231,0.769,0.0,-0.4404,119,17
"RT @INCIndia: On his death anniversary, we salute Field Marshal Sam Manekshaw, popularly known as Sam Bahadur (Sam the Brave). The Chief of…"," on his death anniversary, we salute field marshal sam manekshaw, popularly known as sam bahadur (sam the brave). the chief of…",0.7,0.95,negative,0.152,0.739,0.109,-0.2732,127,21
I'm on Instagram as @indian_army_fuji_a_k_47. Install the app to follow my photos and videos. https://t.co/XgTC01Ts44,i'm on instagram as  _army_fuji_a_k_47. install the app to follow my photos and videos.  ,0.0,0.0,neutral,0.0,1.0,0.0,0.0,89,14
@IbneDost @TheNightKing_R2 @schaheid Then why it was British Indian army not British pakistan army? Bakri km ch0da kr dimaag thik ho jayega,   _r2   then why it was british indian army not british pakistan army? bakri km ch0da kr dimaag thik ho jayega,0.0,0.0,neutral,0.0,1.0,0.0,0.0,111,20
RT @Lolab_Chapter: @RadioChinar Proud of Indian Army,   proud of indian army,0.8,1.0,positive,0.0,0.492,0.508,0.4767,23,4
RT @VikasRa11658853: Last letter of Captain Vijyayant Thapar before attack on KNOLL black rocks in kargil war 99  he attained martyrdom on…, last letter of captain vijyayant thapar before attack on knoll black rocks in kargil war 99  he attained martyrdom on…,-0.08333333333333333,0.25,negative,0.28,0.72,0.0,-0.7906,119,20
@manhasvikas41 @narendramodi @PMOIndia Mam INDIA salutes to your sacrifices till the LIFETIME and that's the Supreme moto of INDIAN ARMY,      mam india salutes to your sacrifices till the lifetime and that's the supreme moto of indian army,0.0,0.0,positive,0.0,0.816,0.184,0.5574,103,17
Terrorist who killed so many now crying after getting caught by Indian army  https://t.co/RaadZFREqD,terrorist who killed so many now crying after getting caught by indian army   ,0.033333333333333326,0.3666666666666667,negative,0.557,0.443,0.0,-0.9269,78,13
And this movie shows a scene where indian army does human rights violations in congo??. My fav part? https://t.co/TC8cfd3s9k,and this movie shows a scene where indian army does human rights violations in congo??. my fav part?  ,0.0,0.1,negative,0.159,0.701,0.14,-0.1027,102,18
@MalaC84573039 our brave girl in glacier fighting for Indian army https://t.co/DcYycUAhkU,  our brave girl in glacier fighting for indian army  ,0.8,1.0,positive,0.194,0.543,0.264,0.2263,54,9
@alawyerwrites @SanjayS00663282 @komalgupta1970 @PaulAtk52540619 @unmanili90 @aspitweets @sudzz71 @unknowncorner… https://t.co/Y24JeEmmuk,               …  ,0.0,0.0,neutral,0.0,0.0,0.0,0.0,18,1
We did it ???? Indian army congratulations! Let’s keep it up https://t.co/orwCIzYWuc,we did it ???? indian army congratulations! let’s keep it up  ,0.0,0.0,positive,0.0,0.705,0.295,0.636,62,11
@MI_Sarani @imperial_hooman @bhootnath You released 2 days later after we made you pee your pants. And you lost you… https://t.co/QxggiYKE1D, _sarani  _hooman   you released 2 days later after we made you pee your pants. and you lost you…  ,0.0,0.0,negative,0.126,0.874,0.0,-0.3182,99,18
"RT @Voortrekker15: @sunandavashisht For 10 years , the narrative  was that Indian army perpetrated the attack.
Only after David Headly's ar…","   for 10 years , the narrative  was that indian army perpetrated the attack.
only after david headly's ar…",0.0,1.0,negative,0.162,0.838,0.0,-0.4767,107,18
Last letter of Captain Vijyayant Thapar before attack on KNOLL black rocks in kargil war 99  he attained martyrdom… https://t.co/r3YKYGEVVl,last letter of captain vijyayant thapar before attack on knoll black rocks in kargil war 99  he attained martyrdom…  ,-0.08333333333333333,0.25,negative,0.292,0.708,0.0,-0.7906,117,19
"RT @ensaaf: In 2014, Ensaaf presented an eyewitness account of the Indian Army's attack on The Harmandir Sahib Complex from June 1 to June…"," in 2014, ensaaf presented an eyewitness account of the indian army's attack on the harmandir sahib complex from june 1 to june…",-0.3,0.4,negative,0.134,0.866,0.0,-0.4767,128,22
"Syed Mehdi Shah Rizvi exposes Indian puppet Amjad Ayub Mirza, who works on RAW's payroll to malign Pakistan and Pak… https://t.co/uJHhDvqlpU","syed mehdi shah rizvi exposes indian puppet amjad ayub mirza, who works on raw's payroll to malign pakistan and pak…  ",-0.23076923076923078,0.46153846153846156,negative,0.073,0.927,0.0,-0.128,118,20
@rajnathsingh Our Indian Army has proved that they have patience with valor and valor.  Where there is a need for r… https://t.co/yc708UUiwm,  our indian army has proved that they have patience with valor and valor.  where there is a need for r…  ,0.0,0.0,neutral,0.0,1.0,0.0,0.0,106,20
"This is Dr Deepsikha Chettri, an army Captain and the second woman officer from Sikkim to serve in the Indian Army. https://t.co/h2mTKDG860","this is dr deepsikha chettri, an army captain and the second woman officer from sikkim to serve in the indian army.  ",0.0,0.0,neutral,0.0,1.0,0.0,0.0,117,21
RT @AapGhumaKeLeL0: Are you afraid that Hindus may start objecting to you doing a DeviI Dance BismiI BismiI in holiest Martand Sun Temple o…, are you afraid that hindus may start objecting to you doing a devii dance bismii bismii in holiest martand sun temple o…,-0.6,0.9,neutral,0.0,1.0,0.0,0.0,121,22
"@sunandavashisht For 10 years , the narrative  was that Indian army perpetrated the attack.
Only after David Headly… https://t.co/RGtIuQx58A","  for 10 years , the narrative  was that indian army perpetrated the attack.
only after david headly…  ",0.0,1.0,negative,0.171,0.829,0.0,-0.4767,103,17
@Classy_Babar @faizanK41818191 @DennisCricket_ @mohsinaliisb Ye le ye isse bhi latest qamar jawed bajwa aur shah me… https://t.co/0TkU46NvhC, _babar    _   ye le ye isse bhi latest qamar jawed bajwa aur shah me…  ,0.5,0.9,neutral,0.0,1.0,0.0,0.0,72,14
"Jin jin ko jahannum raseed jaldi hona hai

Wo indian army aur indian air force mein jaldi naam likh-walay

They are… https://t.co/hvVQNTk3jy","jin jin ko jahannum raseed jaldi hona hai

wo indian army aur indian air force mein jaldi naam likh-walay

they are…  ",0.0,0.0,neutral,0.0,1.0,0.0,0.0,118,21
Slogans of Indian army https://t.co/XDt6NcRxFX,slogans of indian army  ,0.0,0.0,neutral,0.0,1.0,0.0,0.0,24,4
"RT @__phoenix_fire_: There are zero Muslims in Indian Army. ZERO. just like there are zero hindus, Sikhs or Christian in Indian Army. Only…"," there are zero muslims in indian army. zero. just like there are zero hindus, sikhs or christian in indian army. only…",0.0,0.0,positive,0.0,0.889,0.111,0.3612,119,21
God-level trolling of Terroristan (Pakistan) by Indian Army Chief ??? https://t.co/ZaYWXsUqZ8,god-level trolling of terroristan (pakistan) by indian army chief ???  ,0.0,0.0,neutral,0.0,1.0,0.0,0.0,71,10
"RT @Boo_googie2: INDIAN ARMY Join!!!

If u don't have a premium account here's a sleep playlist.
https://t.co/V2sAzIsKvs https://t.co/ZFfYL…"," indian army join!!!

if u don't have a premium account here's a sleep playlist.
   ",0.0,0.0,positive,0.0,0.765,0.235,0.4724,84,14
Nonsense. She is not Gurkha. Those are Nepali soldiers who serve in indian army. She is not Nepali. https://t.co/41dgDpirmP,nonsense. she is not gurkha. those are nepali soldiers who serve in indian army. she is not nepali.  ,0.0,0.0,negative,0.137,0.863,0.0,-0.4019,101,18
"INDIAN ARMY Join!!!

If u don't have a premium account here's a sleep playlist.
https://t.co/V2sAzIsKvs https://t.co/ZFfYLc98EI","indian army join!!!

if u don't have a premium account here's a sleep playlist.
   ",0.0,0.0,positive,0.0,0.765,0.235,0.4724,83,14
RT @Abhinandan_Tea_: @DennisCricket_ One of the best days of my life was when the Pakistan army rescued me from local Kashmiri's - big less…,  _ one of the best days of my life was when the pakistan army rescued me from local kashmiri's - big less…,0.3333333333333333,0.13333333333333333,positive,0.0,0.72,0.28,0.7906,107,22
@AtharParvaiz Sir why they are normalised as 'political parties' obfuscating the fact they play a key role in maint… https://t.co/AVJOpOaWlf,  sir why they are normalised as 'political parties' obfuscating the fact they play a key role in maint…  ,0.0,0.55,positive,0.0,0.746,0.254,0.6249,106,18
"Is JK  POLICE AND ARMY strike on terrorists, or JK  POLICE AND indian army fighting @TV9Telugu https://t.co/KiiD6gPCFc","is jk  police and army strike on terrorists, or jk  police and indian army fighting    ",0.0,0.0,negative,0.37,0.457,0.174,-0.6486,87,15
This song justifies my love towards iKON and BTS equally ??? indian Army and iKONics can relate ??? https://t.co/vSOnd854yX,this song justifies my love towards ikon and bts equally ??? indian army and ikonics can relate ???  ,0.25,0.425,positive,0.0,0.802,0.198,0.6369,101,18
"RT @har_vchar_jruri: In 1984, when the Indian Army shelled Shri Darbar Sahib &amp; Shri Akal Takht Sahib and later hoisted the country's flag w…"," in 1984, when the indian army shelled shri darbar sahib &amp; shri akal takht sahib and later hoisted the country's flag w…",0.0,0.0,neutral,0.0,1.0,0.0,0.0,124,22
"@carin__fischer People are dying of Hunger and poverty while the Indian army is wasting resources on Missile tests,… https://t.co/YEV2dHkjnm"," __fischer people are dying of hunger and poverty while the indian army is wasting resources on missile tests,…  ",0.0,0.0,negative,0.348,0.652,0.0,-0.7906,113,18
I love indian army ? https://t.co/d0HlVJRtKT,i love indian army ?  ,0.5,0.6,positive,0.0,0.323,0.677,0.6369,22,5
"RT @mehboobalam71: @carin__fischer 800000 military person in Kashmir they didnt stop any attack , is Indian Army competent?","  __fischer 800000 military person in kashmir they didnt stop any attack , is indian army competent?",0.2,0.3833333333333333,positive,0.0,0.64,0.36,0.6948,100,16
Indian Army should clarify this! https://t.co/4xCoLiCTKE,indian army should clarify this!  ,0.0,0.0,neutral,0.0,1.0,0.0,0.0,34,5
Salute to my Indian Army! Jai Hind ???? https://t.co/Drq8fXbkq9,salute to my indian army! jai hind ????  ,0.0,0.0,neutral,0.0,1.0,0.0,0.0,41,8
"RT @thejinnieslamp: [#JinUpdate] Kmedia reports about #BTSJIN being featured on the Indian TV drama '30weds21' where ""JIN LOVE ARMY"" popped…"," [#jinupdate] kmedia reports about #btsjin being featured on the indian tv drama '30weds21' where ""jin love army"" popped…",0.5,0.6,positive,0.0,0.802,0.198,0.6369,121,18
RT @BasnetRahulIND: @InuPoland Hope #SHIBARMY #shiba #shibainu follows me as well as i am also trying to bring regualr updates to indian sh…,   hope #shibarmy #shiba #shibainu follows me as well as i am also trying to bring regualr updates to indian sh…,0.0,0.0,positive,0.0,0.773,0.227,0.6124,112,20
"@IndiaToday The Indian Army needs the world's modern weapons, it needs new modern aircraft, it needs new modern dro… https://t.co/JLO0LZPexk","  the indian army needs the world's modern weapons, it needs new modern aircraft, it needs new modern dro…  ",0.17454545454545456,0.3618181818181818,negative,0.146,0.854,0.0,-0.4404,108,18
Dear BTS I have always supported a lot of love from the Indian army and All armies???? and you Miss a lot salanghae… https://t.co/D2DPbQ61Uc,dear bts i have always supported a lot of love from the indian army and all armies???? and you miss a lot salanghae…  ,0.5,0.6,positive,0.06,0.599,0.341,0.8176,118,23
@imicharts @bts_bighit @BTS_twt Indian BTS army great work let's keep it up ?,   _bighit  _twt indian bts army great work let's keep it up ?,0.8,0.75,positive,0.0,0.709,0.291,0.6249,62,12
"RT @_Prince_khiladi: Everything change except the Akshay kumar 's love for Indian Army 
???

2001                            2021 https://t…"," everything change except the akshay kumar 's love for indian army 
???

2001                            2021  ",0.5,0.6,positive,0.0,0.756,0.244,0.6369,111,14
"@alok_ajay @VinaySr15926177 @AmitShah On the Indian side we have the power to tolerate , that our Bapuji has taught… https://t.co/KfMxqlkQBp"," _ajay     on the indian side we have the power to tolerate , that our bapuji has taught…  ",0.0,0.0,neutral,0.0,1.0,0.0,0.0,91,17
"@adgpi @rajnathsingh India's famed Counter Insurgency &amp; Jungle Warfare School, Vairengte, Mizoram, imparts speciali… https://t.co/oLSe7J44Rs","    india's famed counter insurgency &amp; jungle warfare school, vairengte, mizoram, imparts speciali…  ",0.0,0.0,negative,0.167,0.833,0.0,-0.296,105,12
"https://t.co/uOgtL0Si06 ""Janab,there is a lot of difference in our armies. In the Indian Army, officers do Artiller… https://t.co/NqJL8Rye7b","  ""janab,there is a lot of difference in our armies. in the indian army, officers do artiller…  ",0.0,0.0,neutral,0.0,1.0,0.0,0.0,96,16
@UsmanKhanSOS's account has been withheld in India in response to a legal demand. Learn more., 's account has been withheld in india in response to a legal demand. learn more.,0.35,0.35,neutral,0.1,0.8,0.1,0.0,81,15
"RT @love_for_nation: He was commissioned as Second Lieutenant into 2 RAJ RIF after passing out from OTA, Madras in 1993

Maj Acharya’s brot…"," he was commissioned as second lieutenant into 2 raj rif after passing out from ota, madras in 1993

maj acharya’s brot…",0.0,0.0,neutral,0.0,1.0,0.0,0.0,120,21
@gizmoddict Support India &amp; Indian Army's game ???,  support india &amp; indian army's game ???,-0.4,0.4,positive,0.0,0.69,0.31,0.4019,44,7
"RT @LiveHIndia: A modified, Hindustani translation of Tagore’s poem was adopted by Subhas Chandra Bose as the anthem of his Indian National…"," a modified, hindustani translation of tagore’s poem was adopted by subhas chandra bose as the anthem of his indian national…",0.0,0.0,neutral,0.0,1.0,0.0,0.0,125,20
@Just_Acts's account has been withheld in India in response to a legal demand. Learn more., _acts's account has been withheld in india in response to a legal demand. learn more.,0.35,0.35,neutral,0.1,0.8,0.1,0.0,86,15
"#Indian Army For Awam
#mondaythoughts 
#CoronaVirusUpdates 
#COVID19 
#JammuAndKashmir 
#StayHomeStaySafe… https://t.co/8ZPdzsO4aW","#indian army for awam
#mondaythoughts 
#coronavirusupdates 
#covid19 
#jammuandkashmir 
#stayhomestaysafe…  ",0.0,0.0,neutral,0.0,1.0,0.0,0.0,108,9
@rockhot10 @Jvlmk Koi nhi... balochistan aur wazirstan mein installment dee jaa rahi hai... aage bi tohfe dushman k… https://t.co/pwdpNb5gKv,    koi nhi... balochistan aur wazirstan mein installment dee jaa rahi hai... aage bi tohfe dushman k…  ,0.0,0.0,neutral,0.0,1.0,0.0,0.0,104,16
@My_Indian_Army Kaun kambakht bardaasht karne ko peeta hai... ?? https://t.co/oqSoU4riSG, _indian_army kaun kambakht bardaasht karne ko peeta hai... ??  ,0.0,0.0,neutral,0.0,1.0,0.0,0.0,64,9
"RT @Krishn_Bhakkt: Arrested Top LeT commander getting birthday Bash from Indian Army Boys.
@TheMeghdoot 
Don't miss the end where ""Dusara k…"," arrested top let commander getting birthday bash from indian army boys.
  
don't miss the end where ""dusara k…",0.5,0.5,positive,0.145,0.703,0.152,-0.2158,111,18
"RT @Ace__Bangtan: @imicharts @UMusicIndia @sonymusicindia @WarnerMusicIN @bts_twt on IMI chart 

#1 Butter
#8 dynamite 

Congratulations @b…","          _twt on imi chart 

#1 butter
#8 dynamite 

congratulations  …",0.0,0.0,positive,0.0,0.556,0.444,0.6808,72,10
@BangtanINDIA What is Indian IMI charts ? please can someone tell me ?,  what is indian imi charts ? please can someone tell me ?,0.0,0.0,positive,0.0,0.796,0.204,0.3182,58,12
"RT @SoldierNationF1: #IndianArmy #RememberingHeroes 

Once part of Indian Army family, always part of family. Army remains connected with f…"," #indianarmy #rememberingheroes 

once part of indian army family, always part of family. army remains connected with f…",0.0,0.0,neutral,0.0,1.0,0.0,0.0,120,17
"RT @EnemySlayer24_7: I say again Jammu AFS attack was an ""ACT OF WAR"" .
We are waiting to see how Indian Govt. and army responds to it. 

I…"," i say again jammu afs attack was an ""act of war"" .
we are waiting to see how indian govt. and army responds to it. 

i…",0.0,0.0,negative,0.241,0.759,0.0,-0.7906,120,26
"RT @randm_indianguy: Here is the Video where he is disrespecting National Anthem and Abusing Indian Army 
@CPDelhi @DelhiPolice https://t.c…"," here is the video where he is disrespecting national anthem and abusing indian army 
     ",0.0,0.0,negative,0.188,0.812,0.0,-0.4588,91,14
@Pakke_Pendu Chicken just like your chicken Indian army ??. #GayHind! https://t.co/keOaZ1JIo8, _pendu chicken just like your chicken indian army ??. #gayhind!  ,-0.675,0.95,positive,0.0,0.763,0.237,0.4199,66,10
"RT @ShararatiS: Mohammad Hussian Wani, 55, does not know what the United Nations is. All he knows is that his son “disappeared from custody…"," mohammad hussian wani, 55, does not know what the united nations is. all he knows is that his son “disappeared from custody…",0.0,0.0,positive,0.0,0.882,0.118,0.4215,125,22
"@awasthis @ABPNews Petrol price hike is much big issue!
Army is there to solve pakistan issue..We trust indian army","    petrol price hike is much big issue!
army is there to solve pakistan issue..we trust indian army",0.0,0.1,positive,0.0,0.736,0.264,0.6588,100,17
RT @OfficialDGISPR: Indian troops initiated CFVs in Khuiratta Sector along #LOC. Pakistan army troops responded befittingly. Reports of hea…, indian troops initiated cfvs in khuiratta sector along #loc. pakistan army troops responded befittingly. reports of hea…,0.0,0.0,neutral,0.0,1.0,0.0,0.0,121,17
"RT @DostKhan_Jammu: Dear @rsprasad ,
If you are really Law Minister, 
Dismiss Delhi HC Judge Geetanjali Goel, who adjourned till July 2 ord…"," dear   ,
if you are really law minister, 
dismiss delhi hc judge geetanjali goel, who adjourned till july 2 ord…",0.2,0.2,positive,0.0,0.867,0.133,0.3818,113,20
Indian ARMY's hi. I’m part of an initiative that aims to provide underpriveleged women in India with sanitary kits… https://t.co/kbkXtTjhqr,indian army's hi. i’m part of an initiative that aims to provide underpriveleged women in india with sanitary kits…  ,0.0,0.0,neutral,0.0,1.0,0.0,0.0,117,19
@ShatrooAjaat @DeepikaSRajawat Abe suwar Indian army me kabhi Muslim regiment Tha hi nahi gufa chhap kuchh jankari… https://t.co/hh7cV3QZK3,    abe suwar indian army me kabhi muslim regiment tha hi nahi gufa chhap kuchh jankari…  ,0.0,0.0,neutral,0.0,1.0,0.0,0.0,90,15
@BTS_twt Just giving u guys what u deserve to!!?????lots of love from indian army BANGTHAN ??? https://t.co/vLDQaAUdSD, _twt just giving u guys what u deserve to!!?????lots of love from indian army bangthan ???  ,0.5,0.6,positive,0.0,0.626,0.374,0.8011,93,16
@Bol_Na_Bella Indian army, _na_bella indian army,0.0,0.0,neutral,0.0,1.0,0.0,0.0,22,3
"INDIAN ARMY SRWADA SHAKTISHALI...
JAY HIND KI SENA https://t.co/jGq0H7DZo0 https://t.co/0a6hK0cU4v","indian army srwada shaktishali...
jay hind ki sena    ",0.0,0.0,neutral,0.0,1.0,0.0,0.0,54,8
"#JammuDroneAttack 

What is required at the preparation level? 

General VP Malik, Former Indian Army Chief shares… https://t.co/I1NUtZz2aw","#jammudroneattack 

what is required at the preparation level? 

general vp malik, former indian army chief shares…  ",0.02500000000000001,0.25,neutral,0.0,1.0,0.0,0.0,117,16
"@schaheid Sikh Contributes 15% of Indian Army. 
And Hindu, Sikh, Jain, Buddhist are all Sanatani Religion (Dharma)… https://t.co/M7I5D356x5","  sikh contributes 15% of indian army. 
and hindu, sikh, jain, buddhist are all sanatani religion (dharma)…  ",0.0,0.0,neutral,0.0,1.0,0.0,0.0,109,16
"RT @dinesh_dir: @AdeelaK72460671 @IndiaToday Have you forgotten india fucked your armies in all the war....93,000 porikistan surrendered an…","     have you forgotten india fucked your armies in all the war....93,000 porikistan surrendered an…",-0.6,0.7,negative,0.344,0.656,0.0,-0.743,100,14
"RT @drapr007: There will be an armed conflict between India and China.
#Probability : 100%

Indian Army will create another history like In…"," there will be an armed conflict between india and china.
#probability : 100%

indian army will create another history like in…",0.0,0.0,positive,0.096,0.711,0.192,0.3182,127,21
@KingInAsgard Kyu pite ho itni dev,  kyu pite ho itni dev,0.0,0.0,neutral,0.0,1.0,0.0,0.0,22,5
"RT @KushargaT: History of today
If I become a human again, I will join the army and fight for the country, please come and see where Indian…"," history of today
if i become a human again, i will join the army and fight for the country, please come and see where indian…",0.0,0.1,positive,0.1,0.728,0.172,0.2263,126,25
"RT @OfChenab: Indian Army conducted ""SPENT A DAY IN COB"" camp at Talwara for the school children ....knowledge with fun and masti makes the…"," indian army conducted ""spent a day in cob"" camp at talwara for the school children ....knowledge with fun and masti makes the…",0.09999999999999999,0.15000000000000002,positive,0.0,0.858,0.142,0.5106,127,22
@akhileshsharma1 Send location to Indian Army you wl get Answer ? RunD TV ?,  send location to indian army you wl get answer ? rund tv ?,0.0,0.0,neutral,0.0,1.0,0.0,0.0,60,13
"@carin__fischer 800000 military person in Kashmir they didnt stop any attack , is Indian Army competent?"," __fischer 800000 military person in kashmir they didnt stop any attack , is indian army competent?",0.2,0.3833333333333333,positive,0.0,0.64,0.36,0.6948,99,16
@ttnmhttspr @Tim_Clif Feeling proud indian army,   _clif feeling proud indian army,0.8,1.0,positive,0.0,0.395,0.605,0.5574,34,5
Reason behind Increase terror activities in J&amp;K is extreme Chinese pressure on Pakistan to increase tension along L… https://t.co/vfpGeCsDZe,reason behind increase terror activities in j&amp;k is extreme chinese pressure on pakistan to increase tension along l…  ,-0.17500000000000002,0.5666666666666667,negative,0.31,0.51,0.18,-0.5106,122,18
RT @PulakeshiImmadi: Feeling proud Indian army??, feeling proud indian army??,0.8,1.0,positive,0.0,0.303,0.697,0.5574,28,4
"RT @_RadhikaReports: The Indian Armed Forces, with the strength of over 1.4 million active personnel, is the world's second-largest militar…"," the indian armed forces, with the strength of over 1.4 million active personnel, is the world's second-largest militar…",-0.13333333333333333,0.6,positive,0.0,0.731,0.269,0.7096,120,18
RT @n_it_ish19: This is ur service for ex-servicemen whose many generations have served and are still serving for Indian Army by suspending…, this is ur service for ex-servicemen whose many generations have served and are still serving for indian army by suspending…,0.5,0.5,neutral,0.0,1.0,0.0,0.0,125,20
@Thapar77Thapar Leading from the front... in the finest traditions of the Indian army ... following the Chetwode motto...,  leading from the front... in the finest traditions of the indian army ... following the chetwode motto...,0.0,0.1,neutral,0.0,1.0,0.0,0.0,107,17
RT @marknaruka: My Grandfather Captain Anoop Singh Ji Naruka. Served in WW2 for 7 years straight with Jodhpur Lancers and later in Indian a…, my grandfather captain anoop singh ji naruka. served in ww2 for 7 years straight with jodhpur lancers and later in indian a…,0.1,0.2,positive,0.0,0.913,0.087,0.2263,125,22
@imicharts @UMusicIndia @sonymusicindia @WarnerMusicIN Indian ARMY we are doing amazing! Let's target another week at #1,        indian army we are doing amazing! let's target another week at #1,0.7500000000000001,0.9,positive,0.0,0.729,0.271,0.6239,73,12
RT @vardhan08: Indian Army's Shatrujeet Brigade conducted an airborne exercise in Rajasthan yesterday to validate its Rapid Response Capabi…, indian army's shatrujeet brigade conducted an airborne exercise in rajasthan yesterday to validate its rapid response capabi…,0.0,0.0,positive,0.0,0.865,0.135,0.3612,126,17
"@GeneralBakshi Sir, in army lingo, the culprits require not words but bambooooos. With Indian Army there, we can’t feel defenceless.","  sir, in army lingo, the culprits require not words but bambooooos. with indian army there, we can’t feel defenceless.",0.0,0.0,neutral,0.0,1.0,0.0,0.0,119,19
"RT @pakistan_untold: Pak Army Brigadier reminds Hindus - ""You only have India. We have 50 countries. In case of nuclear war, Hindu race wil…"," pak army brigadier reminds hindus - ""you only have india. we have 50 countries. in case of nuclear war, hindu race wil…",0.0,1.0,negative,0.163,0.837,0.0,-0.5994,120,22
RT @nrajabpcla: @u_sathyan @keeranl @GenPanwar @raj2jas @neerangautam @SoniaGurnani19 @JaganNKaushik @SortedEagle @tmmenon @KSMANN @Richa_A…,  _sathyan                    _a…,0.0,0.0,neutral,0.0,1.0,0.0,0.0,33,2
"RT @Khushi4justice: QC Harish Salve - A solicitor par excellence and a one man army. We are so very proud of you sir 

SSRians Proud Of Har…"," qc harish salve - a solicitor par excellence and a one man army. we are so very proud of you sir 

ssrians proud of har…",0.9,1.0,positive,0.0,0.624,0.376,0.9089,121,25
"@MajorPoonia @banasinghpvc Salute sir
Salute Indian Army
Love India 
Love defence forces 
Love defence minister
Lov… https://t.co/UKNrq2wwDW","    salute sir
salute indian army
love india 
love defence forces 
love defence minister
lov…  ",0.5,0.6,positive,0.0,0.369,0.631,0.9371,95,14
https://t.co/Cfy30tPG2S, ,0.0,0.0,neutral,0.0,0.0,0.0,0.0,1,0
"Indian Army openly giving grounds for terrorist activities. Previously, they have also been involved in theft, stea… https://t.co/1OshlIjv99","indian army openly giving grounds for terrorist activities. previously, they have also been involved in theft, stea…  ",-0.08333333333333333,0.3333333333333333,negative,0.213,0.679,0.109,-0.5106,118,17
RT @ANI: Indian Army paid tributes to Rifleman Mandeep Singh Negi who was struck by a lightning bolt while deployed on a post located in hi…, indian army paid tributes to rifleman mandeep singh negi who was struck by a lightning bolt while deployed on a post located in hi…,0.0,0.0,negative,0.087,0.913,0.0,-0.25,132,24
@friddlecopper @iSuricati @HuXijin_GT Lol. Maoist are real terrorist. Faking death of pla? Pla death is more than 4… https://t.co/WBeL8QU1Oc,     _gt lol. maoist are real terrorist. faking death of pla? pla death is more than 4…  ,0.5,0.5,negative,0.526,0.378,0.096,-0.926,89,16
"@FaissalFarooq Indian army doing great job in Kashmir
army must kill all enemies","  indian army doing great job in kashmir
army must kill all enemies",0.8,0.75,negative,0.376,0.429,0.195,-0.5859,67,12
"@Amitabh39182780 @AIBoardPSF Bhai ap nahi karte hoge zyada tr Indian to Pakistan ko enemy consider krta hai 
Agar a… https://t.co/5i5mljl7ay","    bhai ap nahi karte hoge zyada tr indian to pakistan ko enemy consider krta hai 
agar a…  ",0.0,0.0,negative,0.179,0.821,0.0,-0.5423,93,17
"@leftofthepincer Quaid post in Siachen is now called Bana Post , it was captured by the Indian army on 26 June 87 ,… https://t.co/bwnI0MzCPt","  quaid post in siachen is now called bana post , it was captured by the indian army on 26 june 87 ,…  ",0.0,0.0,neutral,0.0,1.0,0.0,0.0,103,22
@iSinghApurva Ya of corse like Indian Army ??????,  ya of corse like indian army ??????,0.0,0.0,positive,0.0,0.706,0.294,0.3612,37,7
????? ?? ???????? ?????? ?? ??? #DroneAttack ?? ??? #CSDBipinRawat ?? ??? ?? ?? ???? ?? ?? ?????? ??? ????? ?? ???… https://t.co/KsmoyHGZ1i,????? ?? ???????? ?????? ?? ??? #droneattack ?? ??? #csdbipinrawat ?? ??? ?? ?? ???? ?? ?? ?????? ??? ????? ?? ???…  ,0.0,0.0,neutral,0.0,1.0,0.0,0.0,117,22
"RT @ndtv: Young cadets from Kashmir join the J&amp;K regiment of the Indian army, 614 cadets felicitated by the reviewing officer

#JammuAndKas…"," young cadets from kashmir join the j&amp;k regiment of the indian army, 614 cadets felicitated by the reviewing officer

#jammuandkas…",0.1,0.4,positive,0.0,0.896,0.104,0.296,135,20
Did you know in 1965 China accused Indian army for stealing 800 sheep and 59 Yaks in the Sikkim border area. China… https://t.co/2B132dNDhS,did you know in 1965 china accused indian army for stealing 800 sheep and 59 yaks in the sikkim border area. china…  ,0.0,0.0,negative,0.228,0.772,0.0,-0.7096,117,22
